"name","main_category","ratings","discount_price","actual_price"
KGr Splash Round Shape Faux Pearl Diamond Studded Multicolour Hijab Pins | Brooch for Women (Pack of 12),accessories,5.0,249.0,250.0
Jockey Men's Cotton Trunks (8901326060513_8015-0110- Grey Melange_Large),men's clothing,5.0,279.0,280.0
Levi's Men Brief,men's clothing,5.0,289.0,290.0
Astroghar Natural Clear Quartz Crystal Wire Wrapped Pendant for Men & Women,accessories,5.0,299.0,300.0
ASTROGHAR Natural Golden Pyrite Wealth Finance Crystal Raw Rough Chunk Key Chain Key Ring For Chakra And Reiki Healing,accessories,5.0,299.0,300.0
Rupa Men Trunks,men's clothing,5.0,370.0,371.0
"Lux Cozi Cotton Vest RN for Men Innerwear for Men Regular Fit Vest (Pack of 3, White) (Large)",men's clothing,5.0,370.0,372.0
Jockey Men's Cotton Brief (Pack of 2) (8901326065730_8037_Large_Mid Blue),men's clothing,5.0,398.0,399.0
"Nivia 2280-3 Nitro-4 Polyester Casual Round T-Shirt, XXL (Dark Grey)",men's clothing,5.0,398.0,399.0
Axter Men's (303-9311) Casual Sports Running Shoes (Set of 2 Pair),men's shoes,5.0,406.0,407.0
"Van Heusen Men Briefs - Cotton Elastane - Colour Fresh, Cotton Stretch , Label Free",men's clothing,5.0,427.0,429.0
Figure Fit Women's Seamless Everyday Padded Wireless T-Shirt Bra,women's clothing,5.0,498.0,500.0
"Teenager Bra Women's Cotton Non Padded Wired Regular, Full-Coverage Bra Pack of 3 (SBP)",women's clothing,5.0,511.0,516.0
"Teenager Bra Women's Cotton Non Padded Wired Regular, Full-Coverage Bra Pack of 3 (SBM)",women's clothing,5.0,511.0,516.0
Jack & Jones Men's Trunks,men's clothing,5.0,548.0,549.0
Jockey Men's Cotton Bikini Brief (Pack of 2),men's clothing,5.0,548.0,549.0
"Jockey Men's Spandex, Cotton, Cotton Blend Brief (Pack Of 2) (Multicolor_M)",men's clothing,5.0,545.0,549.0
Jockey Men's Cotton Brief (Pack of 2) #Style 8008_Estate Blue_XL-100cm to 105cm,men's clothing,5.0,555.0,560.0
Axter Men's Multi-Coloured Canvas Casual Shoes/Loafers - Pack of 3 (Combo-(3)-1012-5011-303),men's shoes,5.0,569.0,570.0
"Levi's-Men-Innerwear-(Category)-BRIEF- (Style ID)-#011-BRIEF-BLK/RED-P2-(Color)-BLACK,RED-(Size)-L",men's clothing,5.0,565.0,570.0
Jockey Men's Cotton Trunk International 8901326120507 IC-28-Potent Purple Ultra Soft Trunk,men's clothing,5.0,599.0,600.0
Jockey Men's Microfiber Regular Trunk,men's clothing,5.0,695.0,699.0
Lux Cozi Men's Solid Vest_Pack of 4,men's clothing,5.0,719.0,720.0
VIP Frenchie Plus Men's Cotton Brief Elastic Waistband Solid Innerwear Assorted Colours Combo Pack of 6,men's clothing,5.0,725.0,730.0
SEGA New Runner Men Running Sport Shoes (Black Brown White),men's shoes,5.0,740.0,745.0
"SEGA by Star Impact Pvt. Ltd. Men's Marathon Jogging/Multipurpose Shoe (Red, Numeric_8)",men's shoes,5.0,739.0,745.0
"SEGA Men's Marathon Jogging/Multipurpose Shoe by Star Impact Pvt. Ltd. (Red, Numeric_10)",men's shoes,5.0,739.0,745.0
"Kuber Industries 2 Pieces Rexine Jumbo Attachi Bag Travel Handbag Storage Carrying Bag, Blanket Cover, Duffle, Travel Mult...",accessories,5.0,748.0,749.0
"SEGA World Cup Edition Shoes Star Impact PVT LTD (RED, Numeric_10)",men's shoes,5.0,745.0,750.0
ONN Men's Floral Cotton Boxers (Colors May Vary),men's clothing,5.0,745.0,750.0
Jockey Men's Cotton Briefs (Pack of 4) (8035-4-XL_Multicolours_XL),men's clothing,5.0,750.0,756.0
Jockey Women's Regular Fit T-Shirt,women's clothing,5.0,878.0,879.0
Pepe Jeans Innerwear Men Shorts,men's clothing,5.0,998.0,999.0
BATA Men's Footthrill Slip On Sneaker Walking Shoes Black-UK/in-8,men's shoes,5.0,998.0,999.0
BATA Men's Formal Lace Up Shoes,men's shoes,5.0,994.0,999.0
Pepe Jeans Men's Slim Fit T-Shirt,men's clothing,5.0,1048.0,1049.0
Jockey Men's Cotton Briefs (Pack of 4) (8901326084489_Color May Vary_Large),men's clothing,5.0,1149.0,1156.0
"Jockey Women Shpaer Bra - 1722, Size 38C - Colour: Black, Skin (Pack of 2)",women's clothing,5.0,1158.0,1159.0
Lee Men T-Shirt,men's clothing,5.0,1198.0,1199.0
BATA Men's Formal Lace-Ups Shoes,men's shoes,5.0,1197.0,1199.0
ABHIPRI Men's Cotton Jaipuri Print Half Sleeve Regular Fit Casual Shirt,men's clothing,5.0,1199.0,1200.0
"Samson Thigh Corset (SMART SHAPER) - Firm Compression Helps with Slimming, Supports Lower Abdomen, Hips & Thigs (Made with...",women's clothing,5.0,1287.0,1290.0
Men's Touch05 Black Synthetic Running Shoes - 7,men's shoes,5.0,1385.0,1389.0
Jockey POP Men Plain Modern Briefs (#FP02),men's clothing,5.0,1487.0,1494.0
The Souled Store Men Tie Dye: Grey Multicolored Solid Men Co-ord Sets,women's clothing,5.0,1488.0,1499.0
Macroman M-Series Valentino M 571 Men's Trunk Pack of 6 (Size-110-115cm) XX-Large in Assorted Colours,men's clothing,5.0,1499.0,1500.0
Jockey Men Round Neck Full Sleeves White Thermal Upper Vest - Pack of 2 (#2401),men's clothing,5.0,1558.0,1559.0
Pepe Jeans Innerwear Men T-Shirt,men's clothing,5.0,1598.0,1599.0
Pepe Jeans Men's Regular Fit Shirt,men's clothing,5.0,1798.0,1799.0
Power Men N Walk Calm Grey Trekking Shoes6 UK (8082343),men's shoes,5.0,1998.0,1999.0
"Jockey Men's Spandex, Cotton Trunk (Pack Of 6) (Assorted_X-Large)",men's clothing,5.0,1998.0,1999.0
Jockey Sleeveless Men's Cotton Vest Pack of 10 (8816) Size :85 cm White,men's clothing,5.0,2280.0,2290.0
Lee Men Shirt,men's clothing,5.0,2398.0,2399.0
Pepe Jeans Men's Regular Fit Shirt,men's clothing,5.0,2481.0,2499.0
Jockey'.s Men's Cotton Trunks - Pack of 10 Style # 1017,men's clothing,5.0,2748.0,2749.0
TSF 83301-Black Long Boot For Men's,men's shoes,5.0,2740.0,2749.0
Hidesign Women Wallet (Brown),accessories,5.0,2894.0,2895.0
Accessorize London Women's Faux Leather Brown Straw shoulder Bag,accessories,5.0,2999.0,3000.0
TIMEX Ironman Analog Purple Dial Women's Watch-TW5M17300,accessories,5.0,4492.0,4495.0
Hidesign,accessories,5.0,4851.0,4895.0
Hidesign Women Satchel Handbag (Parrot),accessories,5.0,4994.0,4995.0
Hidesign Men's Leather Moccasins,men's shoes,5.0,4994.0,4995.0
Hidesign Women Sling Bag (Black),accessories,5.0,5194.0,5195.0
Nike Men Flex Control Tr3 Dark Blue Training Shoes-11 UK (46 EU) (12 US) (AJ5911-400),men's shoes,5.0,5490.0,5495.0
Nike Mens Run Swift 2 Sneaker,men's shoes,5.0,5490.0,5495.0
Nike Mens Court Vision Lo Running,men's shoes,5.0,5690.0,5695.0
Skechers Men's Ultra Flex 2.0-Kwasi Sneakers,men's shoes,5.0,5990.0,5999.0
Skechers Ultra Flex 2.0 - Cryptic,men's shoes,5.0,5990.0,5999.0
Nike Mens Court Vision Lo Running,men's shoes,5.0,6290.0,6295.0
Skechers MAX Cushioning Elite-Promised,men's shoes,5.0,6990.0,6999.0
ASICS Mens Gel-Pulse 14 Running Shoe,men's shoes,5.0,7995.0,7999.0
Nike AIR Zoom Rival Fly 3 Men's Running Shoes,men's shoes,5.0,8190.0,8195.0
Nike Mens Jordan Stay Loyal 2 Mens Shoes Running Shoe,men's shoes,5.0,10290.0,10295.0
Hidesign Women Tote (Black),accessories,5.0,11794.0,11795.0
Nike AIR Zoom Terra Kiger 8,men's shoes,5.0,12990.0,12995.0
PC Jeweller The R Alphabet 18KT Yellow Gold and Diamond Pendant for Women,accessories,5.0,12999.0,13000.0
Altra Footwear mens Escalante Racer,men's shoes,5.0,16149.0,16179.0
Guess Analog Women Watch-GW0254L3,accessories,5.0,16890.0,16900.0
Bangalore Refinery 5.2 Gm Round Lakshmi 24k (999) Yellow Gold Pendant,accessories,5.0,34882.0,35000.0
"Bangalore Refinery 10 gm, 24k (999) Yellow Gold Coin",accessories,5.0,64749.0,65000.0
ASICS Court Break 2 Mens Running Shoes,men's shoes,4.9,4995.0,4999.0
Jockey Men's Cotton Trunks(Pack of 1) (8009-0110- Ink Blue Melange XXL_Ink Blue Melange_2XL),men's clothing,4.8,289.0,290.0
Aqualite Womens Lpt00601l Clog,men's shoes,4.8,693.0,699.0
Lavos Women Cotton Bikini Panty LW1002(Assorted Pack of 6)(Colors May Vary),women's clothing,4.8,1090.0,1098.0
Fenta Unisex Synthetic Cricket Shoes,men's shoes,4.8,1380.0,1388.0
Pepe Jeans Baby-Boy's Skinny Jeans,men's clothing,4.8,1698.0,1699.0
MMTC-PAMP Lord Balaji 999.9 Purity 20 gm Coloured Silver Coin,accessories,4.8,3499.0,3500.0
Nike Men's Orange Mesh Sneaker Revolution 5 EXT,men's shoes,4.8,3690.0,3695.0
Skechers Men's 400 Black/Blue Running Shoes-6 UK (39.5 EU) (7 US) (54350-BKBL),men's shoes,4.8,3690.0,3699.0
Nike Mens Court Legacy Nn Running Shoe,men's shoes,4.8,5690.0,5695.0
Titan Valentines Analog Rose Gold Dial Women's Watch-95103WL01F / 95103WL01F,accessories,4.8,8494.0,8495.0
GUESS Women's Mini Luxe White Dial Stainless Steel Analogue Watch - GW0112L1,accessories,4.8,10890.0,10900.0
Nike Air Max 95 Essential Triple Black Walking Shoes - 4.5 UK (38 EU) (7 US) (AT9865-001),men's shoes,4.8,13990.0,13995.0
Lowepro 25 ltrs (11 Cms) backpack(LP37177_black),accessories,4.8,18490.0,18500.0
CASSIEY Women White Textured Lace-Up Round Toe Lightweight Walking Sneaker Shoes for Women,women's shoes,4.7,990.0,999.0
Jockey Men's Modern Fit Vest (9922_Black_Large),men's clothing,4.7,1196.0,1206.0
Pepe Jeans Men's Slim Fit Casual Shirt,men's clothing,4.7,2498.0,2499.0
crocs Unisex Adult Classic Marbled Clog PuW/Mlt M4W6 Pure Water/Multi (206867-4SU),men's shoes,4.7,3294.0,3295.0
Pepe Jeans Men's Slim Jeans,men's clothing,4.7,3798.0,3799.0
Hidesign Women Tote (Black),accessories,4.7,8294.0,8295.0
Casio Analog White Dial Girl's Watch-BGA-220G-7ADR (BX060),accessories,4.7,8494.0,8495.0
Malabar Gold And Diamonds 24K (999) 3 Gms Yellow Gold Rose Coin Cum Pendant,accessories,4.7,20129.0,20329.0
Jockey Men's Cotton Brief (Pack of 2) #Style 8008_Black_L-90cm to 95cm,men's clothing,4.6,495.0,499.0
NYKD by Nykaa Cotton Low Waist Bikini Panty with Inner Elastic for Women (Combo Pack of 3) - NYP112,women's clothing,4.6,578.0,579.0
Opticalskart ᵀᴹ Sunglasses Combo with Jockey Women's Cotton Bikinis (Pack of 3) (Colors May Vary) XL,men's clothing,4.6,598.0,599.0
Jockey Men's Cotton Briefs (Pack of 6) (8035-6-M_Multi-Colour_M),men's clothing,4.6,993.0,996.0
Cherokee Men's Checkered Slim fit Casual Shirt (281516256_Khaki_S_FS,men's clothing,4.6,998.0,999.0
Jockey Men White Round Neck Sleeveless Plain/Solid Undershirt/Vest - Pack of 1 (8824-White),men's clothing,4.6,1047.0,1057.0
Jockey Men's Cotton Briefs (Pack of 6) (8035-6-XXL_Multi-Colour_2XL),men's clothing,4.6,1115.0,1116.0
Pepe Polyester Cotton Solid Regular Fit Mens T-Shirt,men's clothing,4.6,1498.0,1499.0
cpap The Headgear For Dreamwear Nasal Or Dreamwear Gel,accessories,4.6,1579.0,1580.0
TSF 96712 BRN Casual Shoes,men's shoes,4.6,1690.0,1699.0
"TSF Leather Boot, Extra Lightweight Extra Comfort",men's shoes,4.6,2040.0,2049.0
Pepe Jeans Men's Slim fit Casual Shirt,men's clothing,4.6,2198.0,2199.0
crocs Women's Pure Water/multi Kadee Ii Dream Flip W Puw/mlt W8 - 6uk,women's shoes,4.6,2494.0,2495.0
Pepe Jeans Men's Regular Fit Shirt,men's clothing,4.6,2598.0,2599.0
TSF Shield-05 Boot for Men,men's shoes,4.6,2590.0,2599.0
Hidesign Women Wallet (Black),accessories,4.6,2994.0,2995.0
Hidesign Women Wallet (Red),accessories,4.6,3594.0,3595.0
Skechers- Track-Ripkent,men's shoes,4.6,4990.0,4999.0
Skechers Men's Equalizer 4.0 Voltis Loafer,men's shoes,4.6,4990.0,4999.0
Nine West Rose Goldtone and Grey Strap Watch,accessories,4.6,5108.0,5128.0
Nike Venture Runner Mens Running Shoes,men's shoes,4.6,5490.0,5495.0
ASICS Mens Japan S Track and Field Shoe,men's shoes,4.6,5995.0,5999.0
Skechers Go Walk Mens Go Walk 5 216038,men's shoes,4.6,5990.0,5999.0
Nike Unisex-Adult Renew Elevate Ii Three Quarter HIGH,men's shoes,4.6,6790.0,6795.0
Hidesign Women's Sling Bag (Brown),accessories,4.6,6995.0,6996.0
MMTC-PAMP 999.9 24k Goddess Lakshmi 1 gm Yellow Gold Coin,accessories,4.6,6980.0,7000.0
MMTC-PAMP Lotus 999.9 / 24K 1 gm Yellow Gold Bar,accessories,4.6,6980.0,7000.0
Skechers Mens GO Walk Arch FIT-Linear AXIS Shoes,men's shoes,4.6,8995.0,8999.0
Nike Air Max Pre-Day Men's Shoe,men's shoes,4.6,11490.0,11495.0
ASICS Mens Gt-2000 10 Platform,men's shoes,4.6,11890.0,11999.0
"Vanguard Camera Backpack |VEO Select 49 BF I 1-2 Pro DSLRs with Lens Upto 70-200mm, 3-4 Lenses, Flash and Accessories I Up...",accessories,4.6,12140.0,12142.0
Bangalore Refinery 24k (999.9) 2 gm Yellow Gold Bar,accessories,4.6,13145.0,13200.0
"Bangalore Refinery 10 gm, 24k (999) Yellow Gold Lakshmi Coin",accessories,4.6,64749.0,65000.0
Candere - A Kalyan Jewellers Company 24K (999) 10 Gm Yellow Gold Coin,accessories,4.6,64978.0,65208.0
"Van Heusen Men Trunks - Cotton Elastane - Anti Bacterial, Colour Fresh , Quick Dry",men's clothing,4.5,358.0,359.0
"Van Heusen Men Trunks - Cotton Elastane - Colour Fresh, Label Free, Elasticized Waistband",men's clothing,4.5,458.0,459.0
Jack & Jones Men's Trunks,men's clothing,4.5,497.0,499.0
"SEGA World Cup Edition Shoes Star Impact PVT LTD (Green, Numeric_7)",men's shoes,4.5,745.0,750.0
"Kuber Industries 24 Piece Non Woven Travel Shoe Cover, String Bag Organizer, Maroon -CTMTC039525",accessories,4.5,796.0,799.0
Liberty Womens Tigoz-n Running Shoes,men's shoes,4.5,1038.9,1049.0
Bon Organik World's Best Daughter World's Best Father Tees Best Family Matching Dad and Daughter Tshirts Cotton T-Shirt Se...,men's clothing,4.5,1194.0,1199.0
DSC Court 44 Badminton Shoes for Men and Boys with Natural Crape Rubber Non Marking Outsole Size-7 (Navy-Orange),men's shoes,4.5,1390.0,1399.0
Q&Q Analog Black Dial Women's Watch-QB85J302Y,accessories,4.5,1440.0,1450.0
TSF Genuine Leather Casual Shoes Extra Lightweight,men's shoes,4.5,1690.0,1699.0
Pepe Jeans Men Casual Shirt,men's clothing,4.5,2598.0,2599.0
Nike Mens Revolution 5 Ext Platform,men's shoes,4.5,3690.0,3695.0
Skechers Mens Bounder Sneaker,men's shoes,4.5,3990.0,3999.0
Skechers Mens Skech-air Dynamight-Tuned Up Sneakers,men's shoes,4.5,4490.0,4499.0
Gio Collection Analog Silver Dial Women's Watch,accessories,4.5,4955.0,4990.0
Skechers Men's Bounder-high Degree Casual Shoes,men's shoes,4.5,4990.0,4999.0
Skechers Track - Ripkent,men's shoes,4.5,4990.0,4999.0
Skechers Men Equalizer 3.0 Sneakers,men's shoes,4.5,4990.0,4999.0
crocs Men Navy/White LiteRide Shoes 204967-462-M7,men's shoes,4.5,5443.0,5495.0
Skechers Men's Ultra Flex 2.0 Sneaker,men's shoes,4.5,5490.0,5499.0
Skechers Mens Flex Advantage 4.0 - MATTUS Shoes,men's shoes,4.5,5795.0,5799.0
Skechers Mens D'lux Walker-Commuter Sneaker,men's shoes,4.5,5790.0,5799.0
Nike Mens Court Vision MID NN Black/White-Black Running Shoe - 10 UK (DN3577-001),men's shoes,4.5,5990.0,5995.0
Nike Men's Black Training Shoes - 11 UK (11.5 US),men's shoes,4.5,6790.0,6795.0
Skechers Mens Go Walk 6 Walking Shoe,men's shoes,4.5,6990.0,6999.0
ASICS Mens Gel-Excite 9 Running Shoe,men's shoes,4.5,6950.0,6999.0
Nike Mens Air Max Alpha Trainer 4 Running Shoe,men's shoes,4.5,7190.0,7195.0
Nike Mens Free Rn 5.0 Next Nature Running Shoe,men's shoes,4.5,8290.0,8295.0
Hidesign Women Tote (Red),accessories,4.5,9994.0,9995.0
Nike Mens Air Zoom Pegasus 39 Running Shoe,men's shoes,4.5,10490.0,10495.0
ASICS Mens Dynablast 2 Running Shoe,men's shoes,4.5,10990.0,10999.0
Calvin Klein Circular MESH Analog Silver Dial Women's Watch-25200016,accessories,4.5,12561.0,12600.0
MMTC-PAMP 24k (999.9) Lakshmi 2 gm Yellow Gold Pendant,accessories,4.5,13720.0,13820.0
Salewa Alp Trainer 2 GTX - Waterproof Trekking & Hiking Shoes,men's shoes,4.5,18498.0,18499.0
"Bangalore Refinery 8 gm, 24k (999) Yellow Gold Lakshmi Coin",accessories,4.5,51739.0,52000.0
Bangalore Refinery 24k (999) 8 gm Yellow Gold Coin,accessories,4.5,51739.0,52000.0
Aadvik Camel Milk Chocolate | A Shark Tank Product | Classic 70g Premium Chocolate,accessories,4.4,247.0,249.0
Jockey Boys' Regular Fit Plain Cotton Brief (Pack of 2),men's clothing,4.4,268.0,269.0
Rupa Women Stretch Fit Cotton Leggings (RBRLGCF100LRJAFRS_Light Romantic Rani_FS_Pink_FS),women's clothing,4.4,498.0,499.0
Rupa Torrido Men's Cotton Vest,men's clothing,4.4,518.0,520.0
Jockey Women Crew Neck T-Shirt,women's clothing,4.4,525.0,529.0
Jockey Men's Cotton Brief (Pack of 2) #Style 8008_Grey Melange_XL-100cm to 105cm,men's clothing,4.4,555.0,560.0
"Neva Thermal Bottom for Men (OMS4-Grey, 90cm)",men's clothing,4.4,578.0,579.0
CITY GIRL Gold Plated Bangles for women and Girls (White_90gm),accessories,4.4,719.0,720.0
Jockey Square Cut Briefs Combo (Multicolour) - Pack of 4,men's clothing,4.4,1040.0,1050.0
US Polo Association Men's Cotton Brief (Pack of 6) (Colors May Vary),men's clothing,4.4,1279.0,1284.0
"REEYA Bizzy Lizzy Embroidery Ladies Nighty V- Neck Half Sleeves with Side Pockets, Night Nighties Gown Maxi for Women",women's clothing,4.4,1385.0,1395.0
"Lakhani Men's Touch 05 Running, Walking Shoes (White Brown and Black, 11 UK)",men's shoes,4.4,1390.0,1399.0
Costafrey Women's Best Support 3 in 1 Postpartum Belly Band Post Pregnancy Maternity postpartum belt for women after birth...,women's clothing,4.4,1498.0,1499.0
Triumph T-Shirt Bra 39 Padded Wired Seamless T-shirt Bra,women's clothing,4.4,1594.0,1599.0
Wildcraft 44 Ltrs Casual Backpack (11629-Wolf_Blue),accessories,4.4,1895.0,1899.0
VIP Polyester Soft 57 Cms Luggage- Suitcase(Stwid58Eblu_Blue),accessories,4.4,2199.0,2199.53
TSF 8720-Black Boot For Men's,men's shoes,4.4,2490.0,2499.0
BATA Men's Leather Dress Lace Up Shoes,men's shoes,4.4,2998.0,2999.0
"Liberty Warrior 7190-25 Flying Boots for Men High Ankle Shoes, Light Weight, Genuine Leather, Pilot Men s Boot - PU Double...",men's shoes,4.4,2998.0,2999.0
U.S. POLO ASSN. Men's Regular Fit Button Down Shirt,men's clothing,4.4,2994.0,2999.0
Nike Mens Court Legacy CNVS Mid Running Shoe,men's shoes,4.4,4990.0,4995.0
Nike Tanjun-Black/White-Barely VOLT-BLACK-DJ6258-003-10UK,men's shoes,4.4,4990.0,4995.0
Skechers Mens Bounder-high Degree Casual Shoe,men's shoes,4.4,4990.0,4999.0
Skechers Men Bounder Shoes,men's shoes,4.4,5450.0,5499.0
Hidesign Women Sling Bag (Brown),accessories,4.4,5794.0,5795.0
Nike Mens Court Vision Mid Sneaker,men's shoes,4.4,5990.0,5995.0
Nike Mens Court Vision Mid Nn Sneaker,men's shoes,4.4,5990.0,5995.0
Skechers Mens Arch Fit Sneaker,men's shoes,4.4,6490.0,6499.0
Skechers Women Go Ride 7 Running Shoes,men's shoes,4.4,6490.0,6499.0
Skechers mens Sneakers,men's shoes,4.4,7990.0,7999.0
Nike Women's Air Max Excee Running Shoe,men's shoes,4.4,8190.0,8195.0
Titan Analog Pink Dial Women's Watch-NL95058WM02/NP95058WM02,accessories,4.4,8494.0,8495.0
"Nike Men's Running Shoe, Black Black Iron Grey White, Womens 10",men's shoes,4.4,10990.0,10995.0
Nivia 5129BK Polyester Ultra Shoe Bag (Black),accessories,4.3,248.0,249.0
Jockey Men's Cotton Brief,men's clothing,4.3,309.0,310.0
Axter Women White Sports Running Shoe,men's shoes,4.3,333.0,334.0
Wildcraft Polyester Unisex Purse(blue),accessories,4.3,344.0,345.0
Jockey Men's Brief,men's clothing,4.3,398.0,399.0
NYKD Women T-Shirt Bra,women's clothing,4.3,398.0,399.0
"Van Heusen Men Vest - Cotton Rich - All Day Comfort, Graphic Print, Super Soft",men's clothing,4.3,445.0,449.0
Yogasya YG-NB-C02 Unisex Cotton Back and Neck Pillow - Magenta,accessories,4.3,497.0,499.0
Van Heusen Women Stay Dry Period Panty,women's clothing,4.3,578.0,579.0
Jockey 8817 Men's Super Combed Cotton Round Neck Half Sleeved Vest with Extended Length for Easy Tuck (Pack of 2),men's clothing,4.3,596.0,598.0
"Jockey Men's Plain Regular fit Vest (Navy Print, Medium)",men's clothing,4.3,598.0,599.0
Levi's Men's Regular Solid Brief (PR78696_Multicolor_M),men's clothing,4.3,625.0,628.0
VIP Bonus Men's Cotton Sleeveless Regular Fit Vest Innerwear Combo Pack of 4,men's clothing,4.3,675.0,676.0
"Van Heusen Men Breathable Air Active Trunks - Polyamide Elastane - Swift Dry, High Stretch Mesh",men's clothing,4.3,688.0,689.0
Pepe Mens Checked Briefs,men's clothing,4.3,698.0,699.0
VIP Signor Men's Brief Pack of 5 (Size-80cm) White,men's clothing,4.3,740.0,745.0
Jockey Women T-Shirt,women's clothing,4.3,745.0,749.0
Ruggers by Unlimited Men Shirt,men's clothing,4.3,896.0,899.0
Jockey Men's Cotton Briefs (Pack of 4) (8901326057261_Color May Vary_X-Large)<br>,men's clothing,4.3,895.0,900.0
"Jockey Men's Cotton Elance Vest Without Sleeve (White, 100 - 105cm)",men's clothing,4.3,988.0,996.0
Coasters TF-40 Synthetic Leather Waterproof Shoes,men's shoes,4.3,999.0,1000.0
Sonata Analog Black Dial Women's Watch-NL8093SM01/NP8093SM01,accessories,4.3,1048.0,1049.0
Lux Inferno Mens Cotton Thermal Set (XXXX-Large),men's clothing,4.3,1040.0,1050.0
Liberty Boy 9906-02T Black School Uniform Shoe-5,men's shoes,4.3,1098.7,1099.0
BATA Mens Troy-remo-ss17 M2 Uniform Dress Shoe,men's shoes,4.3,1198.0,1199.0
"REEYA Bizzy Lizzy Embroidery Ladies Nighty V- Neck Half Sleeves with Side Pockets, Night Nighties Gown Maxi for Women",women's clothing,4.3,1385.0,1395.0
"TSF Leather Boot, Extra Lightweight Extra Comfort",men's shoes,4.3,1790.0,1799.0
American Tourister X - Bag Casual 2 Nylon 55 cms Black Travel Duffle (40X (0) 09 008),accessories,4.3,1899.0,1900.0
American Tourister Nylon 55 cms Blue Travel Duffle (40X (0) 01 008),accessories,4.3,1899.0,1900.0
Fastrack I Love Me Valentine Special Analog Blue Dial Women's Watch-6189SL02 / 6189SL02/NP6189SL02,accessories,4.3,2085.0,2095.0
American Tourister X Bag Casual 2 Nylon 65Cms Black Travel Duffle (40X (0) 09 009),accessories,4.3,2099.0,2100.0
Travel Blue 9 cms Nylon Urban Sling Bag,accessories,4.3,2375.0,2395.0
Fastrack Beach Analog Black Dial Women's Watch-NL9827PP02/NP9827PP02,accessories,4.3,2439.0,2450.0
Aristocrat Polyester Hard 66 Cms Luggage- Suitcase(Duedge65Der_Deep Red),accessories,4.3,2823.0,2823.05
American Tourister Voyager Plus ABS Jet Black Briefcase 9cm,accessories,4.3,2889.0,2900.0
Skechers Modern Cool PLUTON Men's Charcoal Walking Shoes,men's shoes,4.3,2990.0,2999.0
ASICS Mens Upcourt 4 Track and Field Shoe,men's shoes,4.3,4049.0,4050.0
Hidesign Men's Messenger Bag (Brown),accessories,4.3,4868.0,4895.0
Skechers Men's Go Run Fast Steadfast Shoes,men's shoes,4.3,4990.0,4999.0
Skechers Men's Go Run Fast Quake Shoes,men's shoes,4.3,5290.0,5299.0
"Nike Mens Varsity Compete Tr 3 A Flat, Wide Sole Creates a Stable Base for Drills and Weightlifting. Straps on The Sides I...",men's shoes,4.3,5490.0,5495.0
Skechers Mens Elite Flex - Belburn Casual Shoe,men's shoes,4.3,5490.0,5495.0
Nike Men's Court Vintage Prem Leather Sneaker,men's shoes,4.3,5490.0,5495.0
Skechers Mens Matera - Holtcrest Sneakers,men's shoes,4.3,5490.0,5499.0
Skechers Mens Elite Flex - Lochbay Sneaker,men's shoes,4.3,5490.0,5499.0
ASICS Unisex-Adult Gel-Peake Cricket Shoes,men's shoes,4.3,5449.0,5499.0
Nike Mens Air Max Sc Running Shoe,men's shoes,4.3,5990.0,5995.0
Nike Mens Court Vision Mid Nn Running Shoe,men's shoes,4.3,5990.0,5995.0
Nike Court Vision MID Mens Shoes (Numeric_12),men's shoes,4.3,5990.0,5995.0
Hidesign Women Sling Bag (Blue),accessories,4.3,6694.0,6695.0
Nike Mens Juniper Trail Sneaker,men's shoes,4.3,6790.0,6795.0
Skechers Synthetic Mesh Regular Slipon Men's Casual Shoes,men's shoes,4.3,7990.0,7999.0
GUESS Analog Black Dial Men's Watch-GW0111L3,accessories,4.3,14890.0,14900.0
"Bangalore Refinery 8 gm, 24k (999) Yellow Gold Ganesh Coin",accessories,4.3,51739.0,52000.0
PolluGuard STD Medium Size Adult Mask - 10 Count,accessories,4.2,199.0,200.0
Jockey Men's Cotton Brief(Pack of 1) (8037-0110-ASSTD_Bottle Green Medium_Bottle Green 1_M),men's clothing,4.2,209.0,210.0
Aakrutii Embroidery Cotton Zipper Pouch for Women | Mini Packet | Handcrafted | Environmental Friendly | (Goat Print),accessories,4.2,289.0,290.0
Aakrutii Embroidery Cotton Zipper Pouch for Women | Mini Packet | Handcrafted | Environmental Friendly | (Natural Beige),accessories,4.2,298.0,300.0
"Van Heusen Men Trunks - Cotton Spandex - Plush Back Elasticized Waistband, Double Layer Gusset, Solid_70008_Pure Black_M",men's clothing,4.2,318.0,319.0
Jockey Men Cotton Trunks (Pack of 1),men's clothing,4.2,359.0,360.0
Jockey Boy's Cotton Brief (Pack of 2),men's clothing,4.2,367.0,369.0
Jockey Men's Cotton Trunks (8901326176016_US68-0105-YD003_X-Large_Print YD003)(Color May Vary),men's clothing,4.2,398.0,399.0
Gospel RUPA Men's Cotton Vest (Pack of 1),men's clothing,4.2,398.0,399.0
Lux Inferno Men's Thermal Bottom Front Open Trouser White (Pack of 2),men's clothing,4.2,499.0,500.0
Jockey Men's Cotton Trunks (Pack of 2) (Bloom438_White_32-34 inch),men's clothing,4.2,508.0,510.0
Jockey Men's Cotton Boxer (Pack Of 2) (BC02_ X Large_Grey_Xl),men's clothing,4.2,519.0,520.0
GO COLORS Women's Skinny Fit Cotton Leggings,women's clothing,4.2,548.0,549.0
Jockey Men's Printed Regular Fit Vest (9928_Navy Printed_XL),men's clothing,4.2,558.0,559.0
"VIP Men's combed cotton Frenchie Plus Pack of 6 (Size- 100cm, 2XL, Assorted Colours)",men's clothing,4.2,630.0,635.0
Jockey Men Trunks,men's clothing,4.2,638.0,639.0
Rupa Men Thermal Bottom,men's clothing,4.2,674.0,676.0
VIP Men's Cotton Brief,men's clothing,4.2,679.0,680.0
"NYKD by Nykaa Wireless Everyday Cotton T-Shirt Bra for Women Daily Use - Wire-Free Shaping Bra, Padded, 3/4th Coverage - N...",women's clothing,4.2,748.0,749.0
LANCER Mens Thunder-11 Men Sports Shoes Navy Thunder-11 (8UK),men's shoes,4.2,793.0,799.0
Jockey Womens Slub Non Wired Padded T-Shirt Bra,women's clothing,4.2,793.0,799.0
Jockey Men's Cotton Briefs (Pack of 4) Color May Vary,men's clothing,4.2,875.0,876.0
Trip Machine Company Leather BRAIDED KEY CHAIN,accessories,4.2,898.0,899.0
Power Women's Soft W Floaters,women's shoes,4.2,897.0,899.0
Excalibur by Unlimited Men's Slim Fit Formal Shirt,men's clothing,4.2,896.0,899.0
VIP Men's Cotton Brief - Pack of 5,men's clothing,4.2,915.0,920.0
"Bon Organik Marathi Swag, Matching Regional Tees for Dad and Son Printed Cotton T-Shirts for Dad and Son",men's clothing,4.2,1094.0,1099.0
Bon Organik Be Like My Daughter Be Like My Daddy Tees Best Family Matching Dad and Daughter Tshirts Cotton T-Shirt Set for...,men's clothing,4.2,1198.0,1199.0
Jockey Zone Men Checkered Briefs (#ZN04),men's clothing,4.2,1298.0,1299.0
Men's Touch05 White Synthetic Running Shoes - 7,men's shoes,4.2,1380.0,1389.0
"Jockey Men's Cotton Thermal Set (Top & Bottom Both, Charcoal)",men's clothing,4.2,1388.0,1398.0
Parker Aster Matte GT Fountain Pen | Body Color - Blue | Ink Color - Blue,accessories,4.2,1699.0,1700.0
Liberty Men HOL-17 Formal Shoes,men's shoes,4.2,1795.0,1799.0
BATA Power Men's Lace UP Sports Shoes,men's shoes,4.2,1790.0,1799.0
Pepe Jeans Men's Regular fit Casual Shirt,men's clothing,4.2,2298.0,2299.0
Van Heusen women Sling - front chain,accessories,4.2,2289.0,2299.0
TSF 786 Genuine Leather Police Boot Comfortable and Durable PU sole Lightweight Boots,men's shoes,4.2,2390.0,2399.0
Pepe Jeans Men's Regular fit Casual Shirt,men's clothing,4.2,2498.0,2499.0
Pepe Jeans Men's Checkered Regular fit Casual Shirt,men's clothing,4.2,3298.0,3299.0
Skechers Dynamight Men Sport Shoes,men's shoes,4.2,3290.0,3299.0
Wildcraft Men's RuNX TR Hugo Sports Shoes,men's shoes,4.2,3990.0,3995.0
ASICS Mens Patriot 12 Platform,men's shoes,4.2,4490.0,4499.0
Skechers Track-RIPKENT,men's shoes,4.2,4990.0,4999.0
Skechers Men's Gowalk 5 Sparrow-Slip-on Performance Walking Shoe Sneaker,men's shoes,4.2,4990.0,4999.0
Skechers Mens Go Walk Evolution Ultra-Rapid Walking Shoe,men's shoes,4.2,4990.0,4999.0
Nike Mens Precision Vi Running Shoe,men's shoes,4.2,5690.0,5695.0
Skechers Men's Solar Fuse Sneakers,men's shoes,4.2,5990.0,5999.0
Nike Mens Quest 5 Running,men's shoes,4.2,6280.0,6295.0
ASICS Gel-Excite 9 Blue Mens Running Shoes UK 8,men's shoes,4.2,6449.0,6499.0
Nike Mens Flex Contact Running Shoes,men's shoes,4.2,6790.0,6795.0
Nike Men's Flex 2021 Rn Running Shoe,men's shoes,4.2,6790.0,6795.0
"Nike Men's Air Max Alpha Trainer Shoe (6, Metallic Silver)",men's shoes,4.2,7190.0,7195.0
Nike Mens Air Max Excee Running,men's shoes,4.2,7990.0,7995.0
Skechers Men's Go Run Forza 3 Running Shoes,men's shoes,4.2,7990.0,7999.0
Casio Sheen Analog Mother of Pearl Dial Women's Watch-SHE-3043BPG-7AUDR (SH194),accessories,4.2,11964.0,11995.0
GUESS Analog Black Dial Women's Watch-GW0111L2,accessories,4.2,13490.0,13500.0
BAHAMAS Women's Whpk Flip-Flops - 8 UK/India (42 EU)(BH0076L) White-Pink,women's shoes,4.1,164.0,164.5
Jockey Men's Super Combed Cotton Briefs with Ultrasoft and Durable Waistband 8037_Mauve Wine_S,men's clothing,4.1,209.0,210.0
Jockey Men's Cotton Brief,men's clothing,4.1,218.0,219.0
Mahi Exa Collection Om Gold Plated Religious God Pendant with Chain for Men & Women PS6012011G,accessories,4.1,248.0,249.0
NYKD by Nykaa Cotton Stretchable Cycling Shorts for Women (Shorties/Underskirt Shorts) - NYP083,women's clothing,4.1,298.0,299.0
Jockey Men's Cotton Trunks (Pack of 1) (FP03_Grey Melange_Large_Grey Melange & Neon Yellow_L),men's clothing,4.1,298.0,299.0
Selling Uniqness UNIq Indian Flag Design Scarf-India Flaunt Unisex Dupatta - Roto Fatka in 100% Cotton Fabric€-“ 60 Inch S...,women's clothing,4.1,299.0,300.0
Fruit of the Loom Men's Vest,men's clothing,4.1,307.0,309.0
Rupa Thermocot Men's Cotton Thermal Top,men's clothing,4.1,336.64,337.0
"D'chica Sports Bra, Beginners Bra for Girls, Cotton Non-Padded Full Coverage, Non-Wired Gym Bra, Girls T-Shirt Workout Bra...",women's clothing,4.1,346.0,349.0
Pepe Jeans Innerwear Men's Cotton Trunks (Pack of 1) (OPT02-01_Maroon Space Dyed_100-105_Maroon Space Dyed_105 CM),men's clothing,4.1,438.0,439.0
Rupa Thermocot Men's Thermal Top,men's clothing,4.1,444.0,446.0
PAZZO Sky Small Bag Ultra Lightweight Water Resistant Packable Travel Hiking Backpack Daypack Handy Camping Outdoor Mini B...,accessories,4.1,496.0,499.0
Rupa Men's Thermal Top,men's clothing,4.1,508.0,510.0
Spice it up Men's Polyester Thongs (Pack of 1) (SP_Q2DSE1006RD_Red_Free Size),men's clothing,4.1,584.0,585.0
NYKD Women Cotton Panties Pack of 3,women's clothing,4.1,598.0,599.0
"VIP Men's Cotton Plus Frenchie ( Multicolor, 85cm) - Pack of 6, Medium",men's clothing,4.1,625.0,630.0
VIP Ultima Men's Cotton Trunk Pack of 5,men's clothing,4.1,685.0,690.0
Enamor A074 Side Support Shaper Stretch Cotton Everyday Bra for Women- Non Padded Non Wired High Coverage,women's clothing,4.1,748.0,749.0
Nivia Sports Pace-2 Bag,accessories,4.1,844.0,850.0
Cherokee by Unlimited Women Dress Shirt,women's clothing,4.1,898.0,899.0
Jockey Men's Cotton Boxers,men's clothing,4.1,918.0,919.0
"Lux Cottswool Thermal Set (Black, 90 cm)",men's clothing,4.1,990.0,994.0
Bon Organik Men's & Girls' Regular Fit T-Shirt Pack of 2),men's clothing,4.1,998.0,999.0
Bata mens SPEED WITH LACE White Oxford - 7 UK (8391349),men's shoes,4.1,998.0,999.0
BATA Men's Black Formal Shoes REMO-86,men's shoes,4.1,997.0,999.0
"Nivia Mesh PVC School Shoes, Men's 11 UK (Black)",men's shoes,4.1,997.0,999.0
Jockey Elance Modern Trunks 1017(Assorted Pack of 4)(Colors May Vary),men's clothing,4.1,1186.0,1196.0
Wildcraft 35 Ltrs 18 inch Backpack (11908 Navy_Navy),accessories,4.1,1294.0,1299.0
THE CLOWNFISH Raincoats for Women Rain Coat for Women Raincoat for Ladies Waterproof Reversible Double Layer.,women's clothing,4.1,1290.0,1299.0
Lakhani Men's Touch 05 Running Shoes,men's shoes,4.1,1385.0,1389.0
Pride Star Smile Vanity Box,accessories,4.1,1390.0,1400.0
"NIVIA - - Step Out & Play 967BL Mesh KNITFLEX Running Shoe - Blue, 9 (Blue)",men's shoes,4.1,1487.0,1499.0
SEGA Alpine Badminton Shoes by Star Impact PVT LTD,men's shoes,4.1,1549.0,1550.0
BATA Power Men's Sports Sports & Outdoor Running Shoes,men's shoes,4.1,1698.0,1699.0
Power Mens Glide Dusk Running Shoe,men's shoes,4.1,1698.0,1699.0
"TSF 4021 Leather Casual Shoes Extra Lightweight & Comfort,",men's shoes,4.1,1690.0,1699.0
TSF Leather Police Boot For Men's,men's shoes,4.1,1790.0,1799.0
Campus Men's NASA Running Shoes,men's shoes,4.1,1839.0,1849.0
Wildcraft 35 Ltrs Blaze 2 Bikeside Black Casual Backpack (12272_Bikeside_Black)(HxWxD : 19x12.5x9.5)(inches),accessories,4.1,1893.0,1899.0
TSF MEN TAN POLICE BOOT,men's shoes,4.1,1990.0,1999.0
TSF Genuine Leather Police Boot For Men,men's shoes,4.1,1990.0,1999.0
Aristocrat Polyester Soft 67 Cms Luggage- Suitcase(Stnilw66Brd_Red),accessories,4.1,2326.0,2326.3
Pepe Jeans Men's Slim Fit Jeans,men's clothing,4.1,4298.0,4299.0
Skechers Mens Overhaul Sneakers,men's shoes,4.1,4790.0,4799.0
Skechers Mens Go Run Fast - 55105 Sneaker,men's shoes,4.1,4990.0,4999.0
Skechers Mens Go Run Tr-Torch Running Shoes,men's shoes,4.1,4990.0,4999.0
Skechers Mens Bounder-vertville Sneakers,men's shoes,4.1,4990.0,4999.0
Skechers Sport Shoes- Track-ripkent,men's shoes,4.1,4950.0,4999.0
Skechers Men's Pure Track and Field Shoes,men's shoes,4.1,5990.0,5999.0
ASICS Mens Gel-Rocket 10 Indoor Court Shoe,men's shoes,4.1,5950.0,5999.0
Nike Mens Renew Ride 3 Running Shoe,men's shoes,4.1,6290.0,6295.0
ASICS Mens Gel-Excite 8 Running Shoe,men's shoes,4.1,6449.0,6499.0
Skechers Arch FIT AKHIDIME,men's shoes,4.1,7490.0,7499.0
Hidesign Women Tote (Blue),accessories,4.1,8194.0,8195.0
Nike Mens Air Zoom Structure 24 Running,men's shoes,4.1,10290.0,10295.0
BAHAMAS Girl's Bh0103l Flip Flops,women's shoes,4.0,179.0,179.5
Jockey Men's Cotton Brief(Pack of 1) (8037-01_Bottle Green_Small_Green_S),men's clothing,4.0,198.0,199.0
United Colors of Benetton Men's Cotton Brief,men's clothing,4.0,298.0,299.0
Peter England Men's Cotton Blend Classic Regular Trunks,men's clothing,4.0,297.0,299.0
Rupa Jon Men's Cotton Brief (Pack of 3)(8903978687742_JN Brief/Small_GR Mel/AIRF/COFF)(Colors & Print May Vary),men's clothing,4.0,320.0,321.0
"Alies Women's Camisole with Modest Scoop Neck, Crop Top Style, Thin Spaghetti Straps, Breathable Ultra Soft Cotton Fabric,...",women's clothing,4.0,329.0,330.0
Jockey Boys' Brief (UB22_Assorted_10),men's clothing,4.0,338.0,339.0
Max Women Brief,women's clothing,4.0,348.61,349.0
Jockey Men Square Neck Sleeveless Racer Back Vest - Pack of 1 (#US26_ Red_X-Large),men's clothing,4.0,348.0,349.0
Rupa Thermocot Men's Cotton Thermal Top,men's clothing,4.0,355.0,357.0
Jockey Men's Cotton Brief (Pack of 2) (8901326083703_8035_Medium_White),men's clothing,4.0,358.0,359.0
Rupa Thermocot Men's Cotton Thermal Top,men's clothing,4.0,367.0,368.0
Axter Men's (9285-9310) Casual Sports Running Shoes,men's shoes,4.0,378.0,379.0
Van Heusen Men's Cotton Trunks (Pack of 1) (10047_Assorted_M),men's clothing,4.0,387.0,389.0
"Nivia - - Step Out & Play 2205XL8 Polyester Hydra -1 Fitness Jersey Men's, XL (Indigo Blue)",men's clothing,4.0,398.0,399.0
Max Women's Solid Cut-Out Detail Crop Top,women's clothing,4.0,397.96,399.0
Iriza Jewellery Wide Band Copper Finger Ring for Women (Golden),accessories,4.0,399.0,400.0
MSGH Designer Natural Jute Zipper Pouch for Multipurpose Use Pack of 6 Pcs,accessories,4.0,399.0,400.0
Feelings Women's Cotton Hipsters (Pack of 3) (8907965004529_Color May Vary_95 CM)<br>,women's clothing,4.0,399.0,400.0
Rupa Thermocot Men's Thermal Bottom,men's clothing,4.0,409.0,411.0
Rupa Thermocot Women's Plain/Solid Synthetic Thermal Top,women's clothing,4.0,419.0,420.0
Rupa Women's Regular Blue Thermal Top (Volcano_Brown_100),women's clothing,4.0,450.0,451.0
Manikya CITYGOLD Gold Colored Copper With 24 Carat Micro Gold Plated Guaranteed Pack of 2 Bangles,accessories,4.0,479.0,480.0
Euro Micra Cotton Plain Multicolor Mini Trunks - Pack of 4,men's clothing,4.0,480.0,484.0
Jockey Men's Cotton Briefs (Pack of 2) (8901326038031_Assorted_M),men's clothing,4.0,488.0,489.0
Jockey International Collection Men Plain Trunk - Pack of 1 (#IC32-Ocean Depth-XL) (Color May Vary),men's clothing,4.0,498.0,499.0
Rupa Softline Women's Leggings,women's clothing,4.0,498.0,499.0
"Teenager Bra Women's Cotton Non Padded Wired Regular, Full-Coverage Bra Pack of 3 (PBP)",women's clothing,4.0,511.0,516.0
"Teenager Bra Women's Cotton Non Padded Wired Regular, Full-Coverage Bra Pack of 3 (PBM)",women's clothing,4.0,511.0,516.0
"Teenager Bra Women's Cotton Non Padded Wired Regular, Full-Coverage Bra Pack of 3 (WBS)",women's clothing,4.0,532.0,537.0
Tweens Women's Non-Padded Non-Wired T-Shirt Bra,women's clothing,4.0,559.0,560.0
"ESSA COOLD Men’s Cotton Full Vest, Very Soft Cool & Durable",men's clothing,4.0,568.0,572.0
Axter Men's Multi-Coloured Canvas Casual Shoes/Loafers/Moccasins - Pack of 3 (Combo-(3)-708-723-755),men's shoes,4.0,585.0,586.0
Ruggers by Unlimited Men's Slim Fit T-Shirt,men's clothing,4.0,598.86,599.0
"LUX MAESTRO Men's Plain Trunk (Maestro_LM02A_3PC_1PAK_Black, Grey Melange & Coffee Brown_L)",men's clothing,4.0,598.0,599.0
Amazon Brand EONO Cotton Tote Bag,accessories,4.0,599.0,600.0
BODYCARE Solid Men Thermal Top (White & Charcol),men's clothing,4.0,675.0,676.0
NYKD by Nykaa Women's Everyday Cotton Padded Sports Bra for Gym/Running/Workout Full Support | Removable Pads | Wirefree |...,women's clothing,4.0,698.0,699.0
FCUK Men's Solid Trunks,men's clothing,4.0,698.0,699.0
Rupa Men's Cotton Boxers (Pack of 3) (WOV Boxer P3 Combo 2Ã‚ _Assorted_Large_Multicolour_L),men's clothing,4.0,698.0,699.0
Jockey Men U Neck Sleeveless Vest - Pack of 2 (FP04_ColorCode7_Medium),men's clothing,4.0,697.0,699.0
MacroMan Men's Cotton Outer Elastic Brief (Pack of 4),men's clothing,4.0,699.0,700.0
Rupa Thermocot Men's Cotton Thermal Set,men's clothing,4.0,711.0,714.0
"SEGA Star Impact Pvt. Ltd. Men's Marathon Jogging/Multipurpose Shoe (Red, 7)",men's shoes,4.0,739.0,745.0
"SEGA World Cup Edition Shoes Star Impact PVT LTD (White, Numeric_10)",men's shoes,4.0,745.0,750.0
Rupa Thermocot Men's Cotton Thermal Set,men's clothing,4.0,756.0,758.0
Aristocrat Polyester Hard 60 Cms Luggage- Suitcase(Dfroo62Ered_Red),accessories,4.0,787.0,787.99
Aristocrat Polyester Hard 60 Cms Luggage- Suitcase(Dfroo62Etbl_Teal Blue),accessories,4.0,787.0,787.99
U.S. Polo Assn. I021 Men's Cotton Boxers (X-Large),men's clothing,4.0,818.0,819.0
Rupa Thermocot Men's Thermal Set,men's clothing,4.0,834.0,837.0
Jockey Men White Round Neck Sleeveless Plain/Solid Undershirt/Vest - Pack of 6 (EM01-White-L),men's clothing,4.0,855.0,858.0
ONN Men's Cotton Brief (Pack of 5) (Colors May Vary),men's clothing,4.0,874.0,875.0
Jockey modern Bold Briefs - US14 - Assorted Pack of 4 (Large),men's clothing,4.0,870.0,876.0
Rupa Thermocot Men's Thermal Set,men's clothing,4.0,877.0,878.0
Ruggers Men's Checkered Slim fit Casual Shirt (281581630_Green_S_HS,men's clothing,4.0,898.0,899.0
BATA Foot Thrill Men's Lace Up Sports & Outdoor Running Shoes,men's shoes,4.0,897.0,899.0
Jockey Men's Cotton Briefs,men's clothing,4.0,913.0,916.0
Fruit of the Loom Men's Regular Thermal Top,men's clothing,4.0,941.0,949.0
VIP Signor Men's Brief - Pack of 6 (White Colors) (XX-Large / 100 CM),men's clothing,4.0,950.0,954.0
Macho Derby Black Men's Vest (Pack of 5),men's clothing,4.0,980.0,985.0
Cherokee Men's Solid Slim fit Casual Shirt (281382542_Coral_S_HS,men's clothing,4.0,998.0,999.0
Qube By Fort Collins Women's Fleece Blouson Sweatshirt,women's clothing,4.0,996.0,999.0
TRIPIN Cufflinks and TIE PIN Set for Men Golden Gold Colour for Office Corporate Party French Cuff Shirts Shirt Suit Blaze...,accessories,4.0,995.0,999.0
Bon Organik Your Biggest Fan Dad and Son Best Family Matching Father and Son Tees-Dad and Son Combo Tshirts,men's clothing,4.0,994.0,999.0
Lux Inferno Women's Plain/Solid Thermal Set,women's clothing,4.0,1000.0,1003.0
Campus Toronto Black Running Shoes,men's shoes,4.0,1047.0,1049.0
Triumph Mamabel Wireless Non Padded Comfortable Support Cotton Maternity Bra,women's clothing,4.0,1039.0,1049.0
Jockey Men U Neck Sleeveless Vest - Pack of 3 (FP04_Charcoal_Small),men's clothing,4.0,1058.0,1059.0
Jockey Women's Cotton Underwire Seamless Padded Wired Bra,women's clothing,4.0,1098.0,1099.0
Bon Organik White Big/Lil Stud Father Son Best Family Matching Father and Son Tees-Dad and Son Combo Tshirts,men's clothing,4.0,1094.0,1099.0
"Jockey Men's Cotton Brief (Pack of 6) 8901326115022 8035-ASSTD Multi Colour (XX-Large, MUTLICOLOUR)",men's clothing,4.0,1138.0,1140.0
Swee Orchid - Women's Shapewear - High Waist Shaper Brief,women's clothing,4.0,1160.0,1170.0
Jockey FP03 Modern Trunks (Assorted Pack of 4)(Colors May Vary),men's clothing,4.0,1189.0,1196.0
Bon Organik You Make Me Happy Matching Couples Valentines Day Printed Cotton T-Shirt and Crop Top for Men and Women,men's clothing,4.0,1194.0,1199.0
"Lux Inferno Women's Cotton 3/4 Sleeves Inner Thermal Set of Upper and Lower (198124, Grey, 105 cm)",men's clothing,4.0,1200.0,1204.0
Campus Men's Running Shoes,men's shoes,4.0,1289.0,1299.0
Gowin Nx-2 Red/Blue Size-6 with Triumph Back Bag Alpha Pro-6003 Grey/Cyan,men's shoes,4.0,1335.0,1339.0
dermawear Mens Skin Color Abdomen Shaper Pack of 2,men's clothing,4.0,1398.0,1400.0
AUMKAARA Ik Onkaar Red 18k Gold Plated Adjustable Thread Rakhi for Men and Women (Free Size),accessories,4.0,1430.0,1442.0
BATA Remo 825-6722-41 Men's Black Formal Leather Lace Up Shoes (7 UK),men's shoes,4.0,1498.0,1499.0
"TSF Leather Police Shoes, Extra Lightweight Extra Comfort",men's shoes,4.0,1590.0,1599.0
Pepe Jeans Men Casual Shirt,men's clothing,4.0,1698.0,1699.0
Wildcraft Work Packs'18 25 Ltrs Grey Laptop Backpack (ACE),accessories,4.0,1742.0,1749.0
BATA Men's Leather Lace Up Running Shoes,men's shoes,4.0,1798.0,1799.0
Aristocrat Polyester Hard 55 Cms Luggage- Suitcase(Duedge55Deb_Deep Teal Blue),accessories,4.0,2173.0,2173.31
Pepe Jeans Men's Regular Fit Shirt,men's clothing,4.0,2198.0,2199.0
"TSF Leather Boot, Extra Lightweight Extra Comfort",men's shoes,4.0,2290.0,2299.0
Pepe Jeans Men's Slim Fit Casual Shirt,men's clothing,4.0,2398.0,2399.0
BATA Wayfinders Men's Leather Formal Office Slip On Shoes,men's shoes,4.0,2498.0,2499.0
TSF Shield-7 Genuine Leather Tan Police Boot for Men Extra Comfort & Lightweight,men's shoes,4.0,2490.0,2499.0
SKYBAGS Astro NXT Pencil Pouch Blue School Backpack 34L,accessories,4.0,2499.0,2500.0
Wrangler Men's Slim Fit Jeans,men's clothing,4.0,2598.0,2599.0
Lee Cooper Men Leather Formal Shoes,men's shoes,4.0,2690.0,2699.0
Lee Cooper Mens Lc9634bbrown Sneakers,men's shoes,4.0,2787.0,2799.0
Hidesign Women Wallet (Red),accessories,4.0,2994.0,2995.0
Lee Men's (Rodeo) Comfort Fit Regular Leg Jeans,men's clothing,4.0,2998.0,2999.0
Pepe Jeans Men Casual Shirt,men's clothing,4.0,2998.0,2999.0
Pro-Spec Easy Clutch Pro (Black),accessories,4.0,2975.0,3000.0
Skechers Mens Burst Tr - Coram Indoor Multisport Court Shoes,men's shoes,4.0,4490.0,4499.0
Skechers Men Go Run Focus-Athos Shoes,men's shoes,4.0,4790.0,4799.0
Skechers Mens Ultra Flex 2.0 - Fedik Sneaker,men's shoes,4.0,5490.0,5499.0
ASICS Unisex-Adult Japan S Track and Field Shoe,men's shoes,4.0,5995.0,5999.0
Skechers Mens Solar Fuse - Valedge Casual Shoes,men's shoes,4.0,5990.0,5999.0
"Nike Men's Black, White Running Shoes - 8 UK (8.5 US)",men's shoes,4.0,6990.0,6995.0
Skechers-GO Run Glide-Step Flex,men's shoes,4.0,7990.0,7999.0
Hidesign Women Tote (Blue),accessories,4.0,8294.0,8295.0
SAMSONITE Varro Polypropylene 55 cms Peacock Blue Hardsided Cabin Luggage (SAM Varro SP55/20 EXP-P. Blue),accessories,4.0,11099.0,11100.0
Costoso Italiano Tan & Brown Leather Formal Lace Up Brogue Oxford Shoes for Men,men's shoes,4.0,24994.0,24999.0
Bangalore Refinery 999 Purity 10 Gram Banyan Tree Gold Coin,accessories,4.0,64749.0,65000.0
"Jockey Men's Cotton Trunks (8901326060513_8015-0110, Mid Blue, Large)",men's clothing,3.9,279.0,280.0
Jockey Men's Cotton Modern Trunks,men's clothing,3.9,298.0,299.0
"Van Heusen Men Trunks - Cotton Spandex - Plush Back Elasticized Waistband, Double Layer Gusset, Solid_70008_Dark Navy_M",men's clothing,3.9,318.0,319.0
Rupa Thermocot Men's Thermal Top,men's clothing,3.9,404.26,405.0
Jockey Men's Cotton Brief (Pack of 2),men's clothing,3.9,418.0,420.0
Jockey Women Cotton Lingerie Panty (Pack of 2),women's clothing,3.9,425.0,428.0
Three Shades Cute Brown Teddy Keychain for Girls Keys & Bags,accessories,3.9,448.0,449.0
Levi's Mens Round Neck Solid Vest - Pack of 2,men's clothing,3.9,445.0,449.0
U.S. Polo Assn. Men's Cotton Trunk,men's clothing,3.9,465.0,469.0
United Colors of Benetton Men's Cotton Trunk,men's clothing,3.9,478.0,479.0
Jockey Men's PIMA Cotton Trunk International 8901326120545 IC-32- Gunmetal,men's clothing,3.9,475.0,479.0
Sparx mens Sf0048g Slippers,men's shoes,3.9,499.0,499.5
VIP Frenchie Plus Men's Cotton Briefs-Assorted Colours,men's clothing,3.9,499.0,500.0
Macroman M-Series Men's Cotton Trunks (Pack of 2)(Colors & Print May Vary),men's clothing,3.9,499.0,500.0
Lux Inferno Mens Cotton Thermal Top,men's clothing,3.9,500.0,501.0
Teenager Bra Women's Cotton Non-Padded Wire Free Full Coverage Bra,women's clothing,3.9,511.0,516.0
ONN Men's Solid Cotton Thermal Top,men's clothing,3.9,529.0,530.0
BATA Men's Sports Walking Shoes,men's shoes,3.9,548.0,549.0
"Lux Inferno Men's Cotton Thermal Top (Grey, XL)",men's clothing,3.9,580.0,581.0
Jockey Men's Printed Regular Fit Vest (9928_Black Print_XL),men's clothing,3.9,597.0,599.0
Campus Men's Corel Floaters,men's shoes,3.9,597.0,599.0
Levi's Men's Regular Solid Trunk (PR79611_Multicolor_L),men's clothing,3.9,688.0,690.0
Heart Home Rexien Disney Mickey Mouse Printed Kids School Bag|Zipper Closure With 3 Comparments|Size 27 x 22 x 40 CM (Gree...,accessories,3.9,697.0,699.0
"MacroMan Men's Cotton Brief (Pack of 04) (Multicolor, Small)",men's clothing,3.9,699.0,700.0
Rupa Thermocot Men's Thermal Set,men's clothing,3.9,837.0,840.0
Ruggers Men's Printed Regular fit Casual Shirt,men's clothing,3.9,896.0,899.0
Jockey Black Men's Popcolor Modern Trunk FP03 (3's Pack),men's clothing,3.9,895.0,899.0
Van Heusen Men's Printed Cotton Brief (Colors May Vary),men's clothing,3.9,896.0,900.0
Dollar Bigboss Men's Cotton Vest,men's clothing,3.9,910.0,915.0
asaba matt Finish semi-Slim fit Denim with Stone wash and Stretchable Light Weight Fabric. Dual Formal and Casual wear 160...,men's clothing,3.9,998.0,999.0
BATA Men's Synthetic Formal Slip On Shoes,men's shoes,3.9,995.0,999.0
Bon Organik Men's & Boys' Regular Fit T-Shirt (Pack of 2),men's clothing,3.9,995.0,999.0
"Jockey Men's Tee Vest (Medium, Assorted Colours) - Set of 3",men's clothing,3.9,1127.0,1137.0
Philips Respironics Dreamstation-15Mm-Pr15,accessories,3.9,1169.0,1170.0
DAMENSCH Solid Vest,men's clothing,3.9,1181.0,1190.0
Bata Men's Formal Shoes,men's shoes,3.9,1198.0,1199.0
BATA Mens Troy-remo-ss17 M2 Sneaker,men's shoes,3.9,1197.0,1199.0
BATA Mens Remo 10-m1 C Oxford,men's shoes,3.9,1298.0,1299.0
Pepe Jeans Men's Regular fit T-Shirt,men's clothing,3.9,1298.0,1299.0
Men's Touch05 White Synthetic Running Shoes - 6,men's shoes,3.9,1380.0,1389.0
TSF Men's Leather Police Boot with Zip,men's shoes,3.9,1890.0,1899.0
Liberty Warrior Jungle boot 7188-46N,men's shoes,3.9,2090.0,2099.0
"TSF Leather Boot, Extra Lightweight Extra Comfort",men's shoes,3.9,2290.0,2299.0
Pepe Jeans Men Casual Shirt,men's clothing,3.9,2398.0,2399.0
Pepe Jeans Men Casual Shirt,men's clothing,3.9,2498.0,2499.0
Triumph Shape Sensation 33 with High Waist Tummy and Thigh Control Maximum Support Shapewear,women's clothing,3.9,2594.0,2599.0
Lee Cooper Mens Lc1473er Oxford,men's shoes,3.9,2773.0,2799.0
MCR Compact Pure Linen Mens Full Sleeves Formal Smoke Blue Shirt Regular Fit,men's clothing,3.9,2785.0,2800.0
Red Chief Men's Leather Formal Shoes,men's shoes,3.9,2990.0,2995.0
Pepe Mens Regular Fit Solid Casual Shirt,men's clothing,3.9,2998.0,2999.0
Pepe Jeans Men Slim Fit Cotton Blend Jeans,men's clothing,3.9,3298.0,3299.0
Skechers Men's On-The-go 600-Venture Sandal,men's shoes,3.9,3495.0,3499.0
Hush Puppies Mens Taylor Slip on Sneaker,men's shoes,3.9,3698.0,3699.0
Nike Mens Downshifter 11 |Men-Shoes Sneaker,men's shoes,3.9,3990.0,3995.0
MMTC-PAMP WWF India Asiatic Lion 999.9 Purity 31.1 gm Silver Coin,accessories,3.9,4499.0,4500.0
Skechers Mens Go Walk 3- Reaction Walking Shoes,men's shoes,3.9,4990.0,4999.0
Nike Mens VTR Sneakers,men's shoes,3.9,5490.0,5495.0
Skechers Men's Matera - Pinemont Sneakers,men's shoes,3.9,5490.0,5499.0
ASICS Mens Gt-800 Running Shoe,men's shoes,3.9,6949.0,6999.0
Nike Air Max Dawn,men's shoes,3.9,9290.0,9295.0
Skechers Mens Go Run Razor 3 Sneaker,men's shoes,3.9,9990.0,9999.0
Nike Mens Jordan Max Aura 4 Running,men's shoes,3.9,11290.0,11295.0
Eve's Beauty Women's Cotton Non Padded Wire Free Full Coverage Bra,women's clothing,3.8,193.0,194.0
OFIXO Card,accessories,3.8,198.0,199.0
Jockey Mens Stretch Solid Briefs,men's clothing,3.8,228.0,229.0
T.T. Womens Desire Cotton Spandex Tanktop Pack of 1,women's clothing,3.8,241.0,243.0
Max Women's Printed Regular Fit T-Shirt,women's clothing,3.8,248.0,249.0
ONN Men's Cotton Vest,men's clothing,3.8,294.0,295.0
Three Shades Superhero Movie Batman The Dark Knight Dawn of Justice Wings Logo 3D 8cm Metal Key Chain (Silver),accessories,3.8,298.0,299.0
Rupa Frontline Men's Cotton Vest,men's clothing,3.8,310.0,311.0
Pepe Jeans Innerwear Men's Cotton Brief (Pack of 1) (OPB04-01_BLUE PRINT_Blue Print_70-75_Blue Print_75 CM),men's clothing,3.8,348.0,349.0
Levi's Men Briefs(Colors and Prints May Vary),men's clothing,3.8,369.0,370.0
Levi's Men Brief,men's clothing,3.8,369.0,370.0
Jockey Men's Cotton Poco Brief (Pack of 2) (8901326029930_8035_XXL_White),men's clothing,3.8,378.0,379.0
INDIAN FLOWER Women's Stretchable Ankle Length Leggings,women's clothing,3.8,378.0,379.0
"Rupa Frontline Men's Cotton Trunks (Pack of 2)(8903978457840_FL DCIF_90_Sky, Navy) (Color & Prints May Vary)",men's clothing,3.8,396.0,397.0
Chromozome Men's Regular fit T-Shirt,men's clothing,3.8,398.0,399.0
Enamor Non-Padded Wirefree T-Shirt Bra,women's clothing,3.8,398.0,399.0
VIP Supreme Men's Cotton Vest (Pack of 3),men's clothing,3.8,410.0,414.0
FCUK Mens Slub Trunks,men's clothing,3.8,448.0,449.0
Centra Centre-Fit Everyday Pure Cotton Bra,women's clothing,3.8,449.0,450.0
MANIKYA City Girl Elegant Taditional Bridal 24CT Gold Plated Kada Bangle Set for Girls and Women.,accessories,3.8,459.0,460.0
REDLUV Solid Men Sleeveless Thermal Top (White and Charcoal),men's clothing,3.8,479.0,480.0
Jockey Men's Plain Regular Fit Vest (UM16_Black SNW Mel_XL),men's clothing,3.8,498.0,499.0
Lux Men's Perfect Fit Thermal Top,men's clothing,3.8,499.0,500.0
Rupa Men's Classic Thermal Bottom,men's clothing,3.8,504.0,506.0
"Levi's-Men-Innerwear-(Category)-BRIEF- (Style ID)-#011-BRIEF-NAVY/BRWN-P2-(Color)-NAVY,BROWN-(Size)-S",men's clothing,3.8,565.0,570.0
"NYKD by Nykaa Everyday Cotton T-Shirt Bra for Women Daily Use, 3/4th Coverage, Non-Wired, Lightly Padded - NYB198",women's clothing,3.8,598.0,599.0
BATA Men's Ethnic Slip On Juttis,men's shoes,3.8,598.0,599.0
Vector X Armour Football Shoe | Lace Up | Blue-Yellow | for Men |,men's shoes,3.8,605.0,610.0
Komli Black Light Padded Full Coverage Wirefree Bra (Pack of 3),women's clothing,3.8,629.0,630.0
Rupa Men Cotton Boxers Pack of 3 (WOV Boxer P3 Combo 2Â_Assorted_Medium_Multicolor_M) Multicolour,men's clothing,3.8,698.0,699.0
dermawear Men's Shapewear Vest Black,men's clothing,3.8,698.0,699.0
SEGA Men's Red Mesh Running Shoe - 9,men's shoes,3.8,740.0,745.0
Aqualite Mens Lkn00009g Walking Shoes,men's shoes,3.8,748.0,749.0
"NYKD by Nykaa Breathe Cotton Everyday Lightly Padded Cotton T-Shirt Bra for Women - Padded, Wireless, 3/4th Coverage - NYB003",women's clothing,3.8,748.0,749.0
dermawear Men Blended V-Shaper High Waist Abdomen Shapewear Brief,men's clothing,3.8,744.0,749.0
BATA Men's Formal Lace Up Shoes,men's shoes,3.8,797.0,799.0
Rupa Men Briefs,men's clothing,3.8,819.0,820.0
Dollar Bigboss Men's Cotton Vest (Pack of 5),men's clothing,3.8,841.0,845.0
Rupa Thermocot Volcano RNFS Men's Thermal Set Brown- 100,men's clothing,3.8,880.0,883.0
Crocodile Men's Cotton Round Neck Vest White,men's clothing,3.8,897.0,898.0
"NYKD by Nykaa Posture Corrector Seamless Everyday Bra for Women Non-Padded, Wireless, Full Coverage - NYB103",women's clothing,3.8,898.0,899.0
WHITEHEAVEN Women's Faux Chiffon Dupatta Multicolor Combo With Moti Lace (13 Variants),women's clothing,3.8,995.0,999.0
Bon Organik Cotton I M A Weirdo and Freak Matching Friends Tees /Friendship day T shirts /Friendship day Tees/Friendship d...,men's clothing,3.8,994.0,999.0
Jockey Men's Cotton Briefs (Pack of 6) (8035-6-XL_Multi-Colour_XL),men's clothing,3.8,1088.0,1092.0
Lux Inferno Round Neck 3/4Th Sleeves Upper and Lower Thermal Set for Women - Pack of 1 (#Inferno-UpprLwrSet),women's clothing,3.8,1110.0,1112.0
BATA Men's Formal Lace Up Shoes,men's shoes,3.8,1198.0,1199.0
BATA Men's Brown Formal Lace Up Shoes 821-4982-42,men's shoes,3.8,1197.0,1199.0
BATA Men's Formal Slip On Shoes,men's shoes,3.8,1188.0,1199.0
Pepe Mens Round Neck Avengers Print T-Shirt,men's clothing,3.8,1298.0,1299.0
"REEYA Bizzy Lizzy Embroidery Ladies Nighty Square Neck Half Sleeves with Side Pockets, Night Nighties Gown Maxi for Women",women's clothing,3.8,1385.0,1395.0
Root by Ruggers by Unlimited Men's Solid Slim Fit Casual Shirt,men's clothing,3.8,1398.0,1399.0
HI-FASHION Embroidered Front Belt Denim Dress for Women,women's clothing,3.8,1499.0,1500.0
Nivia Power Smash Tennis Shoes,men's shoes,3.8,1888.0,1899.0
Pepe Jeans Boys Jeans,men's clothing,3.8,1998.0,1999.0
Pepe Jeans Men's Checkered Regular fit Casual Shirt,men's clothing,3.8,2098.0,2099.0
Pepe Jeans Men Casual Shirt,men's clothing,3.8,2498.0,2499.0
Pepe Jeans Men's Slim Fit Casual Shirt,men's clothing,3.8,2498.0,2499.0
"VIP Widget 4W Polyester 68 cms Softsided Medium Luggage Trolley Bags (Blue), (STWID69EBLU)",accessories,3.8,2629.0,2629.99
Pepe Jeans Men's Relaxed Fit Jeans,men's clothing,3.8,2798.0,2799.0
Lee Men Jeans,men's clothing,3.8,2998.0,2999.0
Pepe Jeans Men's Slim Jeans,men's clothing,3.8,2998.0,2999.0
Pepe Mens 5 Pocket Mild Wash Jeans,men's clothing,3.8,3598.0,3599.0
Arrow Mens Robee LACE UP,men's shoes,3.8,3990.0,3999.0
Nike Mens Legend Essential 2 Football Shoes,men's shoes,3.8,4490.0,4495.0
Nike Womens WMNS Court Legacy Sports Shoes,men's shoes,3.8,4990.0,4995.0
Nike Men's Lunarstelos Running Shoes,men's shoes,3.8,7090.0,7095.0
Nike AIR MAX EXCEE,men's shoes,3.8,8190.0,8195.0
Nike Mens Crater Impact Running Shoe,men's shoes,3.8,8290.0,8295.0
Nike Mens React Miler 2 Running Shoe,men's shoes,3.8,11490.0,11495.0
SAMSONITE Evoa Polycarbonate 75 cms Brushed Silver Hardsided Check-in Luggage (SAM SP75/28 EXP-Brushed Silver),accessories,3.8,24799.0,24800.0
DIXCY SCOTT MAXIMUS Men's Cotton Modern Regular Trunk,men's clothing,3.7,248.0,249.0
Axter-9218 Exclusive Range of Sports Running Shoes for Men,men's shoes,3.7,333.0,334.0
"Levi's Men's Plain Brief (Pack of 2) (#011-Brief-P2-64_Blue Melange, Sodalite Blue-L)",men's clothing,3.7,369.0,370.0
GenX Men Briefs(Colors and Prints May Vary),men's clothing,3.7,395.0,396.0
Nivia - - Step Out & Play Polyester Hydra -1 Fitness Jersey Men's,men's clothing,3.7,398.0,399.0
"Nivia - - Step Out & Play 2205M8 Polyester Hydra -1 Fitness Jersey Men's, M (Indigo Blue)",men's clothing,3.7,398.0,399.0
Enamor Women's Cotton Bikini (Pack of 3),women's clothing,3.7,445.0,449.0
Lannistir Men Running Shoes,men's shoes,3.7,496.0,499.0
Jockey Men's Cotton Boxer Brief,men's clothing,3.7,567.0,568.0
Euro Men's Solid Trunks (Pack of 5)(Colors & Print May Vary),men's clothing,3.7,654.0,660.0
one8 by Virat Kohli Men's Cotton Briefs (Pack of 3) (1030_White/Black/Maroon_Large_White/Black/Maroon_L),men's clothing,3.7,683.0,687.0
one8 by Virat Kohli Men's Cotton Briefs (Pack of 3) (103L1_Grey Mel/Maroon/Black_Medium_Grey Mel/Maroon/Black_M),men's clothing,3.7,683.0,687.0
Rupa Frontline Men's Checkered Boxers (Color & Print May Vary) (WOV P3 Combo 2_Assorted_Small),men's clothing,3.7,698.0,699.0
Rupa Men Cotton Boxer Pack of 3 (RFLOWWVBXRC200-Assorted-XL_Multicolor_XL) Multicolour,men's clothing,3.7,698.0,699.0
Jockey Men's Regular Fit Vest (FP04-CH(1)-G(1)-M_Multicoloured_M),men's clothing,3.7,697.0,699.0
Fruit of the Loom Men's Blouson Classic Fit Thermal Top,men's clothing,3.7,707.0,709.0
Goldstar Unisex-Adult's Modern Shoes,men's shoes,3.7,720.0,725.0
"PRAGATI TRENDS Premium Unisex Scrub Suit set V-Neck 3 Pocket Top and Cargo Type Trouser (42-XL, Navy Blue).",women's clothing,3.7,748.0,750.0
Ruggers Men's Solid Regular fit Casual Shirt,men's clothing,3.7,898.0,899.0
Cherokee Men's Skinny Fit Jeans,men's clothing,3.7,898.0,899.0
EX Men's Solid Regular Fit Formal Shirt,men's clothing,3.7,896.0,899.0
ASABA Men's Regular Casual Pants,men's clothing,3.7,998.0,999.0
Cherokee by Unlimited Men's Slim Fit Jeans (CHPDNME20010G12005_Grey Super Ston_30W x 32L),men's clothing,3.7,998.0,999.0
BATA mens REMO 28 M1 Black Derby - 7 UK (8216028070),men's shoes,3.7,998.0,999.0
BATA Men's Formal Dress Slip On Shoes,men's shoes,3.7,994.0,999.0
Splash - Cosy/Winter Wear Thermal Men's - Upper & Lower.,men's clothing,3.7,1019.0,1029.0
BATA Men's Formal Lace Up Shoes,men's shoes,3.7,1198.0,1199.0
NIKE Dominate 8P Rush Blue/Amarillo/Rush Blue/White BB0635-492,men's shoes,3.7,1380.0,1390.0
Jockey Black Men's Popcolor Modern Trunk FP03 (5's Pack),men's clothing,3.7,1489.0,1496.0
BATA Remo 825-6722-44 Men's Black Formal Leather Lace Up Shoes (10 UK),men's shoes,3.7,1498.0,1499.0
"TSF Leather Police Shoes, Extra Lightweight Extra Comfort",men's shoes,3.7,1590.0,1599.0
BATA Power Men's Runnig Shoes,men's shoes,3.7,1698.0,1699.0
TSF 96712 Genuine Leather Casual Shoes for Men's & Boy's,men's shoes,3.7,1690.0,1699.0
Pepe Jeans Men's Regular Fit Casual Shirt,men's clothing,3.7,1998.0,1999.0
Pepe Jeans Men Casual Shirt,men's clothing,3.7,2198.0,2199.0
Pepe Jeans Men's Regular Fit Casual Shirt,men's clothing,3.7,2398.0,2399.0
US Polo Men's Solid Regular Fit Casual Shirt,men's clothing,3.7,2477.0,2499.0
Pepe Mens 5 Pocket Coated Jeans,men's clothing,3.7,2598.0,2599.0
Pepe Jeans mens Jeans,men's clothing,3.7,2798.0,2799.0
Wrangler Men's Skinny Fit Jeans,men's clothing,3.7,2798.0,2799.0
Pepe Jeans Men's Relaxed Fit Cotton Jeans (PIMC0003495KLA-BLU_38_Blue_38),men's clothing,3.7,2798.0,2799.0
MMTC-PAMP WWF India Snow Leopard 999.9 Purity 31.1 gm Silver Coin,accessories,3.7,4499.0,4500.0
Pepe Jeans Men's Slim Fit Jeans,men's clothing,3.7,4598.0,4599.0
"Red Tape Men's Sports Shoes - Utmost Comfort, Soft Cushioned Insole, Slip-Resistance, Arch Support, Shock Absorption, Perf...",men's shoes,3.7,5898.0,5899.0
Skechers Mens Ride 7 Black Running Shoes - 7 UK (55200-BBK),men's shoes,3.7,6490.0,6499.0
Skechers Men's Go Walk Revolut Ultr-Turb Nordic Walking Shoes,men's shoes,3.7,6490.0,6499.0
Nike Mens Kyrie Flytrap V Ep Basketball Shoe,men's shoes,3.7,8190.0,8195.0
Hidesign Women Tote (Blue),accessories,3.7,9494.0,9495.0
Hidesign,accessories,3.7,9494.0,9495.0
Fossil Tailor Analog Grey Dial Women's Watch-ES3913I,accessories,3.7,9994.0,9995.0
SAMSONITE Evoa Polycarbonate 69 cms Brushed Silver Hardsided Check-in Luggage (SAM SP69/25 EXP-Brushed Silver),accessories,3.7,22549.0,22550.0
Romp Fashion Black Lava Natural Stone Reiki Stylish Healing Diffuser Bracelet for Men and Women,accessories,3.6,190.0,191.0
YOSHA Contemporary Transparent Elastic Gold Plated & Brass Ear Support for Heavy Earrings Ear Chain for Women & Girls,accessories,3.6,199.0,200.0
Komli Women's Lightly Padded Seamless Everyday Bra,women's clothing,3.6,209.0,210.0
Rupa Women's Regular Fit Vest,women's clothing,3.6,349.0,350.0
"DN Creation Women & Girls Party, Daily Use, Wedding Casual Bag, Sling Bag with Chain",accessories,3.6,398.0,399.0
Maitreyee Enterprise Women's Clutch (Pink and White),accessories,3.6,399.0,400.0
LUX MAESTRO Men's Vest,men's clothing,3.6,414.0,415.0
Bahamas mens Bh0141g Sandal,men's shoes,3.6,424.0,424.5
Jockey Men White Round Neck Sleeveless Plain/Solid Undershirt/Vest - Pack of 3 (EM01-White-L),men's clothing,3.6,428.0,429.0
Rupa Jon Men's Trunks (Jon Ace_S),men's clothing,3.6,437.0,438.0
Dollar Bigboss Men's Cotton Vest (Pack of 3),men's clothing,3.6,470.0,471.0
Lovable Women Girls Cotton Non Padded Non Wired Full Coverage Bra in Skin Color- L-2298-SKIN,women's clothing,3.6,540.0,545.0
ONN Men's Cotton Vest (Pack of 2) (Colors May Vary),men's clothing,3.6,589.0,590.0
Manikya White Copper Gold Plated Bangle Set For Women,accessories,3.6,649.0,650.0
Lux Cozi Men's Cotton Brief (Pack of 4) (Color & Prints May Vary),men's clothing,3.6,659.0,660.0
"KD Piccion Seamless Gym Supporter Back Covered with Cup Pocket Athletic Fit Fashionable Brief Multi Sport Underwear Gym, F...",men's clothing,3.6,699.0,700.0
"Amul Macho Men's Long Cotton Fine Trunk (Assorted Colour, 110cm) - Pack of 4",men's clothing,3.6,770.0,772.0
"SEGA Men's Marathon Running Shoe by Star Impact Pvt. Ltd (Black, 9 UK)",men's shoes,3.6,780.0,785.0
ONN Men's Cotton Brief (Pack of 5) (Colors May Vary),men's clothing,3.6,799.0,800.0
one8 by Virat Kohli Men's Boxers (Pack of 3),men's clothing,3.6,852.0,855.0
"SEGA Micro Football Boot with Easy Lace Up, Ankle Grip, Sole Synthetic Leather",men's shoes,3.6,885.0,892.0
Lux Cottswool Men Premium Lower/Trouser Thermal - Pack of 2,men's clothing,3.6,990.0,998.0
Bata Men's SPEED WITH LACE Black Sneaker - 6 UK (8396349),men's shoes,3.6,998.0,999.0
BATA Men's 821-6728-45 Black Formal Lace Up Shoes,men's shoes,3.6,998.0,999.0
"Jockey Men's Cotton Boxer Shorts with Side Pockets (Assorted Colour, X-Large) Pack of 2",men's clothing,3.6,1018.0,1020.0
Enamor FB06 Women's Nylon Full Support Classic Lace Lift Bra - Non Padded Non Wired High Coverage,women's clothing,3.6,1044.0,1049.0
"Jockey Men's Cotton Square Cut Brief (Multicolour, Medium) - Combo Pack of 4 Pieces",men's clothing,3.6,1040.0,1050.0
BATA Remo Men's Lace Up Shoes-Brown,men's shoes,3.6,1197.0,1199.0
Bon Organik Grey Melange First Love Father Son Best Family Matching Father and Son Tees-Dad and Son Combo Tshirts,men's clothing,3.6,1194.0,1199.0
Swee Glory - Women's Shapewear - High Waist and Full Thigh Shaper,women's clothing,3.6,1405.0,1415.0
Pepe Polyester Cotton Regular Fit Solid Mens T-Shirt,men's clothing,3.6,1498.0,1499.0
"Nivia Ashtang Football Stud (5, Green) for Men",men's shoes,3.6,1597.0,1599.0
Jockey MW12 Women's Tactel Microfiber Elastane Stretch Performance Slim Fit Leggings with Stay Fresh & Stay Dry Technology,women's clothing,3.6,1588.0,1599.0
Mochi Women Gold Synthetic Sandals (44-9937MY),women's shoes,3.6,1889.99,1890.0
Power Men N Walk Calm Black Nordic Walking Shoes-6 UK (39 EU) (8086343),men's shoes,3.6,1998.0,1999.0
Pepe Jeans Men's Regular Fit Shirt,men's clothing,3.6,2198.0,2199.0
Pepe Jeans Men's Regular Fit Casual Shirt,men's clothing,3.6,2798.0,2799.0
Pepe Jeans Men's Relaxed Fit Jeans (PIMC0003495_Kla Blu_36),men's clothing,3.6,2798.0,2799.0
Pepe Jeans Men's Relaxed Jeans,men's clothing,3.6,2998.0,2999.0
Pepe Jeans Men's Slim Fit Jeans (PIMC0003498_Black_34),men's clothing,3.6,2998.0,2999.0
Lee Men's (Bruce) Skinny Fit Mid Rise Jeans,men's clothing,3.6,2998.0,2999.0
Lee Men's Relaxed Fit Pants,men's clothing,3.6,3198.0,3199.0
Arrow Mens Carmine Slip ON,men's shoes,3.6,3990.0,3999.0
Nike Mens Fly.by Low Ii Basketball Shoes,men's shoes,3.6,4990.0,4995.0
Nike Mens Ebernon Low Prem Basketball Shoes,men's shoes,3.6,4990.0,4995.0
Skechers Mens Equalizer 4.0 - Revivify Sneaker,men's shoes,3.6,4990.0,4999.0
Hidesign Women Sling Bag (Red),accessories,3.6,5494.0,5495.0
new balance CK4020I4 Rubber Spike Cricket Shoes (2020-21 Edition),men's shoes,3.6,6279.0,6299.0
Casio Baby-g Analog-Digital White Dial Women's Watch-BGA-240-7ADR (B190),accessories,3.6,7194.0,7195.0
Nike Jordan One Take 3 PF Men Basketball Shoes,men's shoes,3.6,8290.0,8295.0
ONN Men's Cotton Vest,men's clothing,3.5,225.0,226.0
Jockey Boys' Cotton Poco Brief(Colors & Print May Vary),men's clothing,3.5,278.0,279.0
ASTROGHAR Pair Of Evil Eye Protection Najariya Stretch Bracelet For Babies and Kids Set Of 2,accessories,3.5,299.0,300.0
Fruit of the Loom Men's Trunks,men's clothing,3.5,368.0,369.0
Men's Regular Fit Formal Shirt,men's clothing,3.5,393.0,395.0
"Nivia - - Step Out & Play 2205XL5 Polyester Hydra -1 Fitness Jersey Men's, XL (Navy Blue)",men's clothing,3.5,398.0,399.0
Jockey Men's Cotton Midi Brief (Pack of 2)(Colors & Print May Vary)(color may vary),men's clothing,3.5,428.0,429.0
LUX VENUS Men's Pack of 4 Plain Boxers,men's clothing,3.5,498.0,499.0
Macroman M-Series Men's Vest,men's clothing,3.5,499.0,500.0
Astroghar Tiger Eye Stone Nail Shaped Pendant for Men & Women,accessories,3.5,499.0,500.0
"Jockey Men's Printed Regular fit Vest (9928, Neon Blue Print, S)",men's clothing,3.5,598.0,599.0
Jockey Elance1017-2's Modern Trunks (Assorted Pack of 2)(Colors May Vary),men's clothing,3.5,598.0,599.0
Rupa Men's Cotton Frontline WOV P3 Combo 3 Boxers (Color & Print May Vary),men's clothing,3.5,698.0,699.0
Jockey Men's Tactal Trunks,men's clothing,3.5,695.0,699.0
Rupa Macroman Men's Cotton Briefs (Pack of 5) (ChandanS115-ComboF-95_Multicolored_95 CM),men's clothing,3.5,698.0,700.0
Lux Cozi Men's white halfsleev vest pack of 5,men's clothing,3.5,694.0,700.0
every de by amante Women's Cotton Briefs (Pack of 5),women's clothing,3.5,743.0,745.0
"SEGA World Cup Edition Shoes Star Impact PVT LTD (Green, Numeric_6)",men's shoes,3.5,745.0,750.0
eFashion Women's Cotton Combo Of 5 Underskirts (Multicolor_Free Size),women's clothing,3.5,799.0,800.0
RAINPOPSON Hat Umbrella for Kids Boys Girls and Men & Women - Pack OF- 9,accessories,3.5,998.0,999.0
Bata Men's SPEED WITH LACE White Sneaker - 8 UK (8391349),men's shoes,3.5,998.0,999.0
Eego Italy Men's Classic Boot,men's shoes,3.5,997.0,999.0
"Ajanta Quartz Collection Women's Analog Watches (Gold , AQ411)",accessories,3.5,995.0,999.0
"Nivia Mesh PVC School Shoes, Men's 7 UK (White)",men's shoes,3.5,993.0,999.0
BATA Men's Formal Slip On Shoes,men's shoes,3.5,1097.0,1099.0
Liberty Men TIGOZ Sports Shoes,men's shoes,3.5,1091.46,1099.0
Van Heusen Men's Regular Fit Polo Shirt,men's clothing,3.5,1195.0,1199.0
Evelyn Analogue Stainless Steel Purple Dial Couple Watches,accessories,3.5,1194.0,1199.0
U.S. POLO ASSN. Men's Cotton Trunks (Pack Of 3) (Multicolor_M),men's clothing,3.5,1249.0,1257.0
Axter Men's Multi-Coloured Canvas Casual Shoes/Loafers/Moccasins - Pack of 3 (Combo-(3)-1197-768-1138),men's shoes,3.5,1496.0,1497.0
"TSF Leather Police Boot, Extra Comfort, Extra Lightweight",men's shoes,3.5,2490.0,2499.0
Lee Men's Regular Fit Jeans,men's clothing,3.5,2798.0,2799.0
Pepe Jeans Men Casual Shirt,men's clothing,3.5,2998.0,2999.0
Skechers Mens Modern Cool Walking Shoe,men's shoes,3.5,3290.0,3299.0
Hidesign Women's Wallet (Tan),accessories,3.5,3394.0,3395.0
MEENAZ Branded Jewellery Gold Clip-on Press Unisex Stud Non-Piercing Hoop Earrings/Earring for Men/Boys/Boyfriend/ - BALI-...,accessories,3.5,3500.0,3510.0
Skechers Men Performance GOrun Elevate,men's shoes,3.5,5490.0,5499.0
"Nike' Men's Quest 3-CD0230-004-12 Running Shoes, Black/University Red-White, 11 UK",men's shoes,3.5,5990.0,5995.0
CRAFTS MY DREAM Women's Cross Body | Black And White polka With Rose Sling Bag With Adjustable strap | handbag | purse |Si...,accessories,3.4,299.0,300.0
Jockey Men's Super Combed Cotton Stretch Printed Trunks with Ultrasoft and Durable Waistband ZN05_Worldly Red & Black_L,men's clothing,3.4,359.0,360.0
Max Women Tshirt,women's clothing,3.4,397.96,399.0
Pepe Jeans London Men Maroon Trunk (Pack of 1),men's clothing,3.4,428.0,429.0
"Shoppertize Cotton HandBag Printed - Reusable 100% Eco-Friendly Designer Women Handbag, Cotton Shoulder Bag",accessories,3.4,498.0,499.0
Jockey Men's Cotton Brief (Pack of 2)(8901326080337 8009-0210-ASSTD New Olive Green XXL),men's clothing,3.4,545.0,548.0
Levi's Bodywear Men's Cotton Boxers (Pack of 2) (Color & Prints May Vary),men's clothing,3.4,585.0,590.0
"SEGA Glaze Football Boot with Easy Lace Up, Ankle Grip, Sole Synthetic Leather",men's shoes,3.4,719.0,725.0
SEGA Men's Red Mesh Running Shoe - 10,men's shoes,3.4,745.0,749.0
"SEGA World Cup Edition Shoes Star Impact PVT LTD (White, Numeric_9)",men's shoes,3.4,745.0,750.0
BATA Men's 821-6463-44 Formal Lace Up Shoes,men's shoes,3.4,895.0,899.0
Van Heusen Men's Cotton Trunks (Pack of 3) (Colors May Vary),men's clothing,3.4,920.0,927.0
BATA Mens Speed with Lace Sneaker,men's shoes,3.4,998.0,999.0
Cherokee by Unlimited Men's Slim Fit Jeans (CHPDNME20009B23002_Blue Super Ston_32W x 32L),men's clothing,3.4,998.0,999.0
BATA Men's Formal Lace up Shoes,men's shoes,3.4,997.0,999.0
BATA Men's GRID-Remo-AW17 M1 Black Formal Shoes - 9 UK (43 EU) (8516139),men's shoes,3.4,993.0,999.0
CASSIEY Women's Running Shoe,men's shoes,3.4,990.0,999.0
Jockey Men's Cotton Boxers (Pack of 2)(1223-0205-C3940_Check C3940_X-Large)(Color May Vary),men's clothing,3.4,1010.0,1018.0
Rupa Torrido Premium White Full Sleeves Thermal Set For Men (Size-95),men's clothing,3.4,1074.0,1076.0
Vector X Bolt Spike Running Shoes Walking | Casual | for Men and Adult | Size-2 | Orange-Blue-Green|,men's shoes,3.4,1140.0,1149.0
Vector X Court Shoe Men Badminton Shoe Non Marking Sole (10) - White,men's shoes,3.4,1199.0,1210.0
Men's Touch05 Black Synthetic Walking Shoes - 9,men's shoes,3.4,1380.0,1389.0
"REEYA Bizzy Lizzy Embroidery Ladies Nighty Collar Neck Half Sleeves with Side Pockets, Night Nighties Gown Maxi for Women",women's clothing,3.4,1385.0,1395.0
Power Women's N Walk Calm Black Walking Shoes - 7 UK (39 EU) (5086343),women's shoes,3.4,1998.0,1999.0
Pepe Jeans Men's Slim Jeans,men's clothing,3.4,2998.0,2999.0
Pepe Jeans Men's Regular fit Casual Shirt,men's clothing,3.4,2998.0,2999.0
Adidas Mens Altros M Silver and Blue Running Shoe - 7 UK (B36290),men's shoes,3.4,2992.0,2999.0
Hidesign Women's Tote Bag (Red),accessories,3.4,3494.0,3495.0
Skechers Go Walk Max 54601-CCOR,men's shoes,3.4,3490.0,3499.0
Hush Puppies Men's New City Bounce Leather Formal Shoes,men's shoes,3.4,3998.0,3999.0
Jack & Jones Men Sneakers,men's shoes,3.4,3992.0,3999.0
Nike Men Dart 12 MSL Running Shoes,men's shoes,3.4,4790.0,4795.0
Nike Mens Giannis Immortality 2 Running,men's shoes,3.4,7090.0,7095.0
Skechers Mens Go Run 7 Running Shoes,men's shoes,3.4,9990.0,9999.0
Nike Mens Air Zoom Pegasus 39 Shield Sneaker,men's shoes,3.4,11950.0,11995.0
Muthoot Gold Bullion Corporation 24k (999) Mother Mary 8 gm Yellow Gold Coin,accessories,3.4,52523.0,53000.0
Deccani Handicrafts Metal Alloy (Panchaloha) Toe Ring for Women- 2 Rounds with Flat Flower on Top (Gold),accessories,3.3,299.0,300.0
FCUK Men's Solid Trunks,men's clothing,3.3,378.0,379.0
Pepe Jeans Innerwear Men Trunks,men's clothing,3.3,498.0,499.0
Rupa Plain Thermal Top (Torrido Men's VNFS 5555_White_85,men's clothing,3.3,504.0,506.0
Jockey Men's Cotton Brief International 8901326120514 IC-27-Potent Purple Ultra Soft Brief,men's clothing,3.3,518.0,519.0
BATA Men 854-4563 Brown Juttis(42),men's shoes,3.3,598.0,599.0
Fruit of the Loom Men's Solid Thermal Bottom (MTB01_Black_X-Large XL),men's clothing,3.3,707.0,709.0
Ruggers by Unlimited Men's Checkered Regular Fit Casual Shirt,men's clothing,3.3,898.0,899.0
clafoutis Men;s Full Sleeves V Neck T Shirt,men's clothing,3.3,994.0,999.0
TSF 768 Tan Genuine Leather Police Boot Extra Comfortable & Durable Light Weight Boot,men's shoes,3.3,1890.0,1899.0
Mufti Men's Slim Fit Casual Shirt,men's clothing,3.3,1987.0,1999.0
Red Chief Men's Leather Formal Shoes,men's shoes,3.3,2785.0,2795.0
Pepe Jeans Men Casual Shirt,men's clothing,3.3,2798.0,2799.0
Pepe Jeans Men Shirt,men's clothing,3.3,2779.0,2799.0
Pepe Mens 5 Pocket Rinse Wash Jeans,men's clothing,3.3,3298.0,3299.0
Pepe Jeans Men Blue Jeans,men's clothing,3.3,3298.0,3299.0
ASICS Mens Gel-Contend 4b+ Sneaker,men's shoes,3.3,3680.0,3699.0
Pepe Jeans Men's Slim Fit Jeans,men's clothing,3.3,4598.0,4599.0
Nike Men LUNARSOLO Racblu/Black Running Shoes,men's shoes,3.3,8790.0,8795.0
Citizen Analog Mother of Pearl Dial Women's Watch-EZ6360-84D,accessories,3.3,9067.0,9100.0
PC Jeweller Yellow Gold The Loritz 22 KT Mangalsutra For Womens,accessories,3.3,15000.0,15100.0
Citizen Eco-Drive Women's Watch - FD2033-52W,accessories,3.3,20799.0,21000.0
Bodycare Women's Cotton Non-Padded Wire Free Regular Bra,women's clothing,3.2,299.0,300.0
Rupa Women's Cotton Trendy Bra,women's clothing,3.2,434.0,435.0
Jockey Zone Mens Bold Brief - Assorted,men's clothing,3.2,437.0,438.0
Aqualite Mens Ljs00081g Running Shoes,men's shoes,3.2,644.0,649.0
MacroMan Men's Cotton Briefs Multicolour_X-Large (Pack of - 04) (M502),men's clothing,3.2,698.0,700.0
US Polo Association Men's Cotton Brief (Pack of 3) (Colors May Vary),men's clothing,3.2,985.0,987.0
Root by Ruggers by Unlimited Men's Checkered Slim Fit Casual Shirt,men's clothing,3.2,996.0,999.0
Lancer Men Sports Shoes Black Rambo-136,men's shoes,3.2,1097.0,1099.0
Pepe Jeans Men's Solid Regular T-Shirt (PM541453_Salmon Yellow),men's clothing,3.2,1498.0,1499.0
Pepe Jeans Men's Regular Fit Casual Shirt,men's clothing,3.2,1998.0,1999.0
Pepe Jeans Men's Regular Fit Casual Shirt,men's clothing,3.2,2698.0,2699.0
"UG PRODUCTS Gold Plated Copper & Base Metal and Pearl, Kempu Bharatanatyam Dance Jewellery Full Set for Women (Set of 10)...",accessories,3.2,2998.0,2999.0
Nike Men Retaliation Tr 2 Black Training Shoes-6 UK (40 EU) (7 US) (AA7063-005),men's shoes,3.2,6490.0,6495.0
Hidesign Women Satchel Handbag (Purple),accessories,3.2,8294.0,8295.0
Nike Winflo 8 'Wolf Grey Bright Crimson Men Shoe,men's shoes,3.2,8290.0,8295.0
Nike Mens Jordan Zoom '92 Sneaker,men's shoes,3.2,13490.0,13495.0
Van Heusen Men's Trunks (IHETR1CGNY10053_Grey_Small S),men's clothing,3.1,277.79,279.0
Jockey Men's Cotton Briefs (Pack of 1),men's clothing,3.1,297.0,299.0
Trylo Vivanta_E_White_40,women's clothing,3.1,718.0,719.0
GOLDSTAR G10 G-Rock PT/Running Shoe-Brown,men's shoes,3.1,770.0,775.0
BATA Men's Formal Lace Up Shoes,men's shoes,3.1,891.0,899.0
Pepe Jeans Men Orange Jeans,men's clothing,3.1,998.0,999.0
Ruggers by Unlimited Men Casual Shirt,men's clothing,3.1,998.0,999.0
"Kothari Rns Men's Cotton Half Sleeve Mercerised Vest (Grey, 90 cm) - Pack of 5",men's clothing,3.1,1030.0,1035.0
Camfoot Men's (9069-9308-1200) Casual Sports Running Shoes,men's shoes,3.1,1487.0,1497.0
Cherokee Men's Regular Shirt (CHMESHT20103G07_Grey M),men's clothing,3.1,1798.0,1799.0
BATA Men's Leather Oxford Shoes,men's shoes,3.1,2798.0,2799.0
Pepe Mens 5 Pocket Whiskered Effect Jeans,men's clothing,3.1,3598.0,3599.0
"925 Silver BIS Hallmark 99.5 Purity Lord Laxmi Ganesh Silver Coin (50g)",accessories,3.1,4999.0,5000.0
Skechers Mens GO Run Pure 3 Running Shoes,men's shoes,3.1,8990.0,8999.0
Skechers Mens Go Run 7 - Running Shoes,men's shoes,3.1,9995.0,9999.0
ONN Men's Cotton Brief (Pack of 2) (Colors May Vary),men's clothing,3.0,349.0,350.0
INDIAN FLOWER Women's Stretchable Ankle Length Leggings,women's clothing,3.0,358.0,359.0
Axter Men's (9098-9312) Casual Sports Running Shoes (Set of 2 Pair),men's shoes,3.0,378.0,379.0
Rupa Men Underwear,men's clothing,3.0,399.0,400.0
Aaram Rabbit Pull up Stick-on Bra Cover with Strong Adhesive,women's clothing,3.0,595.0,599.0
Wonderkraftz Shirt Gift Hamper,men's clothing,3.0,599.0,600.0
Jockey Men Square Neck Sleeveless Racer Back Vest - Pack of 2 (#US26_White_Large),men's clothing,3.0,748.0,749.0
"SEGA World Cup Edition Shoes Star Impact PVT LTD (RED, Numeric_7)",men's shoes,3.0,745.0,750.0
Levi's Men Briefs(Colors and Prints May Vary),men's clothing,3.0,918.0,927.0
Aqualite Mens Htr00120g Sneaker,men's shoes,3.0,990.0,999.0
"Nivia Faux Leather, Polyurethane Spirit Running Spikes for Kids (Blue), UK - 2",men's shoes,3.0,1039.42,1049.0
Jockey Men U Neck Sleeveless Vest - Pack of 3 (FP04_ColorCode1_Small),men's clothing,3.0,1047.0,1050.0
Jockey POP Bold Brief Assorted Style# FP01 Set of 5 Pcs,men's clothing,3.0,1140.0,1145.0
BATA 821-6382-42 Men's Black Formal Lace Up Shoes (8 UK),men's shoes,3.0,1198.0,1199.0
W for Woman Women's Solid Polyester Dupatta (21AUW81144-216039_Blue_WFS),women's clothing,3.0,1195.0,1199.0
Evelyn Stainless Steel Analogue Blue Dial Watches for Lovely Couple,accessories,3.0,1194.0,1199.0
BATA Men's Formal Leather Lace Up Shoes,men's shoes,3.0,1298.0,1299.0
"Columbus FLOATPLUS Sports Shoes for Men's & Boy - Lightweight, Comfort Grip, Running, Walking, Gym",men's shoes,3.0,1990.0,1999.0
Pepe Jeans Men's Regular Fit Casual Shirt,men's clothing,3.0,2598.0,2599.0
"TSF Leather Police Zip Boot, Extra Comfort, Extra Lightweight",men's shoes,3.0,2590.0,2599.0
Nike Mens Fly.by Mid 3 Running Shoe,men's shoes,3.0,4990.0,4995.0
Skechers GO Walk Flex,men's shoes,3.0,5995.0,5999.0
Nike Squash-Type Men's Shoes,men's shoes,3.0,6990.0,6995.0
Nike Mens Air Max Impact 4 Running Shoe,men's shoes,3.0,8490.0,8495.0
Skechers Mens Go Run Razor Excess 2 Running Shoes,men's shoes,3.0,14990.0,14999.0
Rupa Men Boxers (Color & Print May Vary),men's clothing,2.9,698.0,699.0
"Jockey Men's Cotton Print Briefs (Assorted, XL) - Pack of 4",men's clothing,2.9,1049.0,1059.0
Liberty Womens 8042011102 Sneaker,men's shoes,2.9,1088.4,1099.0
Camfoot Men's (9158-9308-1200) Casual Sports Running Shoes,men's shoes,2.9,1487.0,1497.0
WORLD WEAR FOOTWEAR Men's (9228-9303-9098) Multicolor Casual Sports Running Shoes (Set of 3 Pair),men's shoes,2.9,1487.0,1497.0
WORLD WEAR FOOTWEAR Men's (9228-9303-9098) Multicolor Casual Sports Running Shoes 7 UK (Set of 3 Pair),men's shoes,2.9,1487.0,1497.0
Pepe Jeans Men's Regular Fit Polo,men's clothing,2.9,1798.0,1799.0
TSF KIM-33 Black Formal Boot Real Genuine Leather Lightweight Sole,men's shoes,2.9,1940.0,1949.0
Lee Cooper Men Tan Leather Formal Shoes-6 UK (40 EU) (7 US) (LC1473E),men's shoes,2.9,2795.0,2799.0
Pepe Jeans Men's Slim Fit Jeans,men's clothing,2.9,4598.0,4599.0
Dixcy Josh Men's Cotton Vest Combo of 3,men's clothing,2.8,449.0,450.0
Aqualite Mens Htr00119g Sneaker,men's shoes,2.8,990.0,999.0
Jockey Men's Cotton Trunks (Grey Melange_Medium),men's clothing,2.7,279.0,280.0
Bewakoof Unisex Printed Backpack-Black,accessories,2.7,498.0,499.0
Ruggers Men's Checkered Regular fit Casual Shirt (400018058725_Red Small),men's clothing,2.7,998.0,999.0
Camfoot Men's (9222-9308-1200) Casual Sports Running Shoes,men's shoes,2.7,1487.0,1497.0
Wrangler Men's Skinny Fit Jeans,men's clothing,2.7,2598.0,2599.0
Wrangler Men Shirt,men's clothing,2.7,3298.0,3299.0
Black+Decker Workmen 100% Cotton,women's clothing,2.6,2600.0,2619.0
T.T. Men Jazz Top Elastic Trunk Pack of 2,men's clothing,2.5,315.0,318.0
Axter Men's Multi-Coloured Canvas Casual Shoes/Loafers/Moccasins - Pack of 3 (Combo-(3)-1002-689-784),men's shoes,2.5,453.0,454.0
"Cigain Combo Printed Cotton Comfortable Shorts for Women and Girls Daily Use, Evening, Night Wear, Casual Wear (Ranodm Des...",women's clothing,2.5,498.0,499.0
LUX MAESTRO Men Trunk,men's clothing,2.5,624.0,625.0
Lux Men's Vest (L85_White_M),men's clothing,2.4,394.0,395.0
Butchi Men Sneakers,men's shoes,2.4,498.0,499.0
Colt Men's Slim Fit Jeans (280132787_34_IN-33_Black-Ds,men's clothing,2.4,998.0,999.0
Hidesign Women Sling Bag (Violet),accessories,2.3,4994.0,4995.0
Nike Mens Zoom Span 4 Running Shoe,men's shoes,2.3,7190.0,7195.0
Axter Men's Multicolour Sneaker (Multicolor Combo-(2),men's shoes,2.2,618.0,619.0
"myfriday Canvas Vintage Multipurpose Causal Backpack,women's Shoulder Tote Bag Stylish Travel Daypack Bag Girls School Bag.",accessories,2.2,999.0,1000.0
Jockey Men's Cotton Brief,men's clothing,2.0,268.0,269.0
"Jockey Women's 90% Micro Nylon, 10% Spandex Wired T-Shirt Bra",women's clothing,2.0,1098.0,1099.0
Skechers Men's Grey Vim Full Contact Walking Shoes (6 UK/India),men's shoes,2.0,4295.0,4299.0
Costoso Italiano Black Leather Formal Monk Strap Shoes for Men,men's shoes,2.0,24994.0,24999.0
Axter Men Multicolour Latest Collection Sneakers Shoes-Pack of 2 (Combo-(2)-606-9107),men's shoes,1.6,378.0,379.0
Teenager Bra Women Full Coverage Non Padded,women's clothing,1.5,511.0,516.0
Axter Men's (9098-9310) Casual Sports Running Shoes,men's shoes,1.5,579.0,580.0
"SEGA World Cup Edition Shoes Star Impact PVT LTD (White, Numeric_8)",men's shoes,1.5,745.0,750.0
Axter-9117 Blue Exclusive Range of Loafers Shoes,men's shoes,1.3,305.0,306.0
Axter Men's (9209) Black Casual Sports Running Shoes,men's shoes,1.0,277.0,278.0
Axter Men Multicolour Latest Collection Loafers Shoes-Pack of 2 (Combo-(2)-9126-9104),men's shoes,1.0,378.0,379.0
Rupa Angoora Premium Blended Lower for Men's,men's clothing,1.0,407.0,408.0
Lux Inferno Top (White_2xl),men's clothing,1.0,499.0,500.0
BATA 821-6328-43 Men's Black Formal Lace Up Shoes (9 UK),men's shoes,1.0,998.0,999.0
NEVA Premium LADIESTHERMAL Set Upper and Lower Antra (Set),men's clothing,1.0,998.0,999.0
Excalibur Men's Solid Slim fit Formal Shirt (272155188_Burgundy_44_FS,men's clothing,1.0,996.0,999.0
SEGA Codo (Blue) Jogging/Multipurpose Shoe by Star Impact Pvt. Ltd. (7),men's shoes,1.0,1040.0,1050.0
Jockey Men's Regular Fit Polo Shirt,men's clothing,1.0,1189.0,1199.0
Pepe Jeans Men's Solid Slim T-Shirt (PM507359 Black),men's clothing,1.0,1498.0,1499.0
Jockey 2623 Men's Soft Touch Microfiber Elastane Stretch Fleece Fabric Thermal Long John with Stay Fresh & StayWarm Techno...,men's clothing,1.0,1495.0,1499.0
TSF Berlin-1 Leather Formal Shoes,men's shoes,1.0,1690.0,1699.0
"U.S. Polo Assn. Men I014 Classic Trunk, Size M - 80cm - 85cm - Assorted Colour - Pack of 5",men's clothing,1.0,1979.0,1995.0
"TSF Leather Boot, Extra Lightweight Extra Comfort",men's shoes,1.0,2290.0,2299.0
"TSF L DIKE-6 Comfortable & Durable Boot,",men's shoes,1.0,2990.0,2999.0
ASICS Mens Patriot 13 Running Shoe,men's shoes,1.0,4995.0,4999.0
Anne Klein New York Analog Women's Watch - AK1931SVTTJ (Silver Dial Multi Colored Strap),accessories,1.0,6998.0,6999.0
Nike AIR MAX Dawn Mens Shoes,men's shoes,1.0,8990.0,8995.0
